SU,SF_ID,SF_DESCRIPTION,SF_OBJECT_TYPE
0,1,coin,Coin
0,15,coin,Coin
0,18,coin,Coin
0,80,ceramic fragment,Ceramic Fragment
0,82,fish hook,NULL
0,83,coin,Coin
0,84,coin,Coin
0,85,coin,Coin
0,86,coin,Coin
0,87,coin,Coin
0,88,ring,NULL
0,126,lead object,Token
0,131,complete vessel,NULL
0,253,ceramic fragment,Graffito
0,256,coin,Coin
0,266,coin,Coin
0,318,ring,Ring
0,319,fibula,NULL
0,323,plaque,Bone Object
0,340,coin,Coin
0,366,coin,Coin
0,367,coin,Coin
0,368,dipinto,NULL
0,369,dipinto,NULL
0,371,coin,Coin
0,375,spool,Spool
0,379,Stylus,NULL
0,380,lithic,NULL
0,417,button,NULL
0,418,spindle whorl,Bone Object
0,426,ring,Ring
0,432,coin,Coin
0,563,bone object,NULL
0,564,spool,Spool
0,565,loom weight,Loom Weight
0,566,coin,Coin
0,567,spool,Spool
0,568,fish hook,Hook
0,651,spindle whorl,Spindle Whorl
0,700,key,NULL
0,702,sculpture,Sculpture
0,703,fibula,NULL
0,704,earspoon,Earspoon
0,705,handle,NULL
0,706,ring ,Ring
0,707,partial vessel,NULL
0,709,loom weight,Loom Weight
0,710,game piece,Glass Object
0,711,loom weight,Loom Weight
0,727,marble fragment," hole drilled in break"""
0,752,architectural revetment,Relief
0,763,ring ,Ring
0,874,stone object,NULL
0,901,bone object,Bone Object
0,902,metal object,Metal Fragment
0,903,ceramic fragment,Ceramic Fragment
0,904,stamp,Ceramic Fragment
0,918,game piece,Game Piece
0,925,stamp,Stamp
0,940,coin,Coin
0,941,coin,Coin
0,943,inscription,Inscription
0,950,coin,Coin
0,951,stamp,Stamp
0,952,spindle whorl,Spindle Whorl
0,953,game piece,Game Piece
0,956,coin,Coin
0,959,coin,Coin
0,970,coin,Coin
0,971,coin,Coin
0,972,stamp,Stamp
0,982,marble revetment,Architectural Revetment
0,1020,votive,Votive
0,1152,Bronze coin,Coin
0,1153,Bronze coin,Coin
0,1154,bronze coin,Coin
0,1155,bone pin,Pin
0,1157,Worked conch shell,Unknown
0,1158,Bone bead or button,Bead
0,1159,Marble column fragment,Architectural Element
0,1160,Bronze coin,Coin
0,1162,Bronze coin,Coin
0,1163,Bronze coin,Coin
0,1164,Silver (?) ring,Ring
0,1165,Bronze fibula,Fibula
0,1166,bronze hook,Hook
0,1167,bronze coin,Coin
0,1168,Terra sigillata stamp,Stamp
0,1169,bronze object,Unknown
0,1170,Unknown bronze object,Unknown
0,1212,Bronze fibula,Fibula
0,1219,bronze object,Unknown
0,1226,Spool fragment,Spool
0,1237,Piece of molded terra sigillata,Ceramic Fragment
0,1250,Spindle whorl fragment,Spindle Whorl
0,1286,Bronze Coin,Coin
0,1372,Ceramic bead,Bead
0,1402,Spool,Spool
0,1404,Sestertius with cracked flan(imperial period ,Coin
0,1406,Worked bone hinge?,NULL
0,1409,"terra sigillata base with stamp of seated griffin(?) with a small star to the left of its head. 

Edited by Amy Welch. Does not appear in Oxe, A., Comfort, H. 2000 catalog. Stamp is oval-shaped with very fine detail. ",Stamp
0,1411,large piece of iron wire,Unknown
0,1413,thumb shaped marble pestle,Pestle
0,1415,terra sigillata base with stamp,Stamp
0,1416,terra sigillata base with stamp,Stamp
0,1421,terra sigillata base with stamp,Stamp
0,1425,iron blade,Blade
0,1447,Bronze Coin,Coin
0,1464,bronze coin,Coin
0,1466,Worked bone,Bone Object
0,1476,Spool fragment,Spool
0,1478,Worked bone,Pin
0,1517,Worked bone objects,Bone Object
0,1540,Stamped amphora fragment,Stamp
0,1567,Bone needle fragment,Game Piece
0,1580,Ivory(?) plaque. ,Plaque
0,1589,Vessel base,Ceramic Object
0,1626,Bronze fibula fragment,Fibula
0,1637,Bronze Coin,Coin
0,1660,Marked tile,Ceramic Fragment
0,1667,broken spool,Spool
0,1669,Small bronze blade,Blade
0,1680,Debitage,Debitage
0,1681,Inscribed ceramic fragment,Graffito
0,1683,"circular bronze artifact, bracelet?",Bracelet
0,1690,Bronze fragment,Unknown
0,1691,Marble architectural fragment,Architectural Element
0,1783,marble architectural fragment,Architectural Element
0,2063,stamped tile,Ceramic Fragment
0,2064,stamped tile,Ceramic Fragment
0,2065,stamped tile,Ceramic Fragment
0,2065,stamped tile,Ceramic Fragment
0,2065,stamped tile,Ceramic Fragment
0,2065,stamped tile,Ceramic Fragment
0,2065,stamped tile,Ceramic Fragment
0,2065,stamped tile,Ceramic Fragment
0,2065,stamped tile,Ceramic Fragment
0,2065,stamped tile,Ceramic Fragment
0,2065,stamped tile,Ceramic Fragment
0,2065,stamped tile,Ceramic Fragment
0,2065,stamped tile,Ceramic Fragment
0,2066,Stamped brick.,Architectural Element
0,2066,Stamped brick.,Architectural Element
0,2066,Stamped brick.,Architectural Element
0,2066,Stamped brick.,Architectural Element
0,2066,Stamped brick.,Architectural Element
0,2066,Stamped brick.,Architectural Element
0,2067,Stamped tile.,Architectural Element
0,2068,stamped tile,Ceramic Fragment
0,2068,stamped tile,Ceramic Fragment
0,2068,stamped tile,Ceramic Fragment
0,2068,stamped tile,Ceramic Fragment
0,2068,stamped tile,Ceramic Fragment
0,2068,stamped tile,Ceramic Fragment
0,2069,stamped tile,Ceramic Object
0,2069,stamped tile,Ceramic Object
0,2069,stamped tile,Ceramic Object
0,2069,stamped tile,Ceramic Object
0,2069,stamped tile,Ceramic Object
0,2069,stamped tile,Ceramic Object
0,2070,stamped tile,Ceramic Fragment
0,2071,stamped tile,Architectural Element
0,2072,stamped tile,Ceramic Fragment
0,2076,stamped tile,Architectural Element
0,2077,stamped tile.,Architectural Element
0,2079,loom weight,Loom Weight
0,2080,Loom weight.,Loom Weight
0,2085,Loom weight,Loom Weight
0,2088,Small bronze coin. unidentifiable head/tail of coin.,Coin
0,2089,stamped tile,Ceramic Object
0,2090,Stamped tile,Architectural Element
0,2092,loomweight,Loom Weight
0,2093,stamped tile,Ceramic Fragment
0,2098,Stamped Tile ,Architectural Element
0,2104,Loom weight,Loom Weight
0,2112,Stamped tile,Architectural Element
0,2113,Stamped tile,Architectural Element
0,2130,Stamped Tile,Ceramic Fragment
0,2238,Bronze object,Metal Object
0,2502,Rectangular bronze plaque,Plaque
0,2522,Lead object,NULL
0,2537,Antefix in the shape of a human head,Sculpture
0,2541,Iron key,Key
0,2572,Marble relief fragment,Relief
0,2572,Marble relief fragment,Relief
0,2573,Stone base fragment with inscription,Architectural Element
0,2577,Marble column base fragment,Architectural Element
0,2577,Marble column base fragment,Architectural Element
0,2646,Small Bronze coin,Coin
0,2646,Small Bronze coin,Coin
0,2646,Small Bronze coin,Coin
0,2646,Small Bronze coin,Coin
0,2646,Small Bronze coin,Coin
0,2646,Small Bronze coin,Coin
0,2646,Small Bronze coin,Coin
0,2646,Small Bronze coin,Coin
0,2646,Small Bronze coin,Coin
0,2646,Small Bronze coin,Coin
0,2646,Small Bronze coin,Coin
0,2646,Small Bronze coin,Coin
0,2646,Small Bronze coin,Coin
0,2646,Small Bronze coin,Coin
0,2760,bronze coin,Coin
26,25,Glass bead,Bead
26,34,game piece,Game Piece
26,435,Lead Token / Tessera,Token
51,23,coin,Coin
51,265,Lead Token,Token
51,2524,Black gloss gaming piece,Game Piece
51,2525,Stamped Tile,Stamped Tile
51,2526,Amphora Stamp,Ceramic Fragment
51,2528,Terracotta figurine fragment,Figurine
82,32,stud,NULL
101,28,token,Game Piece
126,33,nail,Nail
144,37,tack,Tack
170,42,coin,Coin
170,44,die,Game Piece
170,46,bronze object,Metal Object
171,78,Assemblage of 7 small objects,NULL
172,162,bead,NULL
174,169,complete vessel,NULL
175,168,complete vessel,NULL
176,163,complete vessel,NULL
177,164,complete vessel,NULL
177,165,complete vessel,NULL
177,166,complete vessel,NULL
177,167,complete vessel,NULL
243,1831,Spool ,Spool
243,2809,Large loom weight,Loom Weight
280,49,stake,Metal Object
321,1848,miniature vessel,Votive
321,1852,flaked stone,Lithic Tool
324,1834,Partial loom weight ,Loom Weight
329,56,spindle whorl,Spindle Whorl
333,58,chain,NULL
337,177,complete vessel,NULL
338,175,complete vessel,NULL
339,171,complete vessel,NULL
340,172,complete vessel,NULL
341,176,complete vessel,NULL
342,178,complete vessel,NULL
343,179,complete vessel,NULL
344,173,complete vessel,NULL
345,174,complete vessel,NULL
346,66,chain,NULL
347,170,complete vessel,NULL
349,60,boss,NULL
349,61,boss,NULL
349,62,pendant,NULL
349,63,pendant,NULL
349,64,fibula,NULL
349,65,boss,NULL
349,180,boss,NULL
354,97,bead,Bead
357,81,coin,Coin
357,89,fibula,NULL
357,91,ring,NULL
372,98,spindle whorl,Spindle Whorl
375,104,nail,NULL
375,2555,fragments of statuette,Figurine
380,105,spatula ,Spatula
380,108,ring,Ring
385,114,loom weight,Loom Weight
385,115,spindle whorl,Spindle Whorl
390,120,spindle whorl,Spindle Whorl
390,122,iron object,NULL
390,124,bronze object,NULL
390,231,coin,Coin
394,127,bone object,Pin
398,132,loom weight,Loom Weight
398,133,loom weight,Loom Weight
398,137,loom weight,Loom Weight
414,272,graffito,Graffito
415,198,bullet,NULL
419,156,complete vessel,Votive
422,148,loom weight,Loom Weight
422,149,whetstone ,Whetstone
422,151,spool,Spool
427,191,loom weight,Loom Weight
430,183,Glass bead with deep gear-like serrations,Bead
432,255,loom weight,Loom Weight
438,192,pin,NULL
441,196,fibula,NULL
442,201,commonware vessel,Vessel Fragment
444,204,ring,Fibula
446,212,bronze object,NULL
457,208,ceramic object,NULL
458,228,spindle whorl,Spindle Whorl
461,232,whetstone,Whetstone
461,241,complete vessel,Votive
461,246,spindle whorl,Spindle Whorl
461,247,fibula,Fibula
461,248,complete vessel,Votive
461,249,pin,NULL
461,250,iron object,NULL
461,1555,ceramic gaming piece,Game Piece
505,215,whetstone,Whetstone
505,216,weight,Loom Weight
516,261,spool,Spool
516,274,loom weight,Loom Weight
532,235,complete vessel,NULL
536,239,complete vessel,NULL
542,260,loom weight,Loom Weight
554,257,loom weight,Loom Weight
554,258,spool,Spool
569,252,spindle whorl,Spindle Whorl
576,275,loom weight,Loom Weight
579,273,loom weight,Loom Weight
587,262,loom weight,Loom Weight
587,263,fibula,Fibula
1005,14,bronze object,Metal Fragment
1005,26,coin,Coin
1008,27,iron object,Metal Object
1016,30,spindle whorl,Spindle Whorl
1016,31,fibula,Fibula
1016,39,spear tip,Metal Object
1016,53,spoon,Spoon
1016,54,bone object,NULL
1016,69,ring,Ring
1016,70,Lead Token / Tessera,Token
1016,90,coin,Coin
1016,93,ring,NULL
1016,94,whetstone,Whetstone
1016,96,spatula ,NULL
1016,99,pin,NULL
1016,101,bronze fragment,Metal Object
1016,102,coin,Coin
1016,110,loom weight,Loom Weight
1016,118,iron fragment,NULL
1016,119,bronze object,NULL
1016,128,ring,Ring
1016,142,inscription,Graffito
1016,221,coin,Coin
1016,269,coin,Coin
1016,270,Lead Token / Tessera ,Token
1016,573,bone object,NULL
1016,577,bone object,NULL
1016,579,bone object,NULL
1016,1432,terra sigillata base with stamp,Stamp
1016,1433,terra sigillata base with stamp,Stamp
1016,1435,terra sigillata base with stamp,Stamp
1016,1990,architectural terracotta,Architectural Element
1016,1991,spindle whorl frag,Spindle Whorl
1016,1992,spool,Spool
1016,1993,spool,Spool
1016,1994,female figurine fragment,Figurine
1016,2562,TS stamp, Area B
1016,2563,TS stamp, Area B
1016,2564,TS stamp, Area B
1016,2571,Black gloss game piece,Game Piece
1016,2814,bone pin,Pin
1016,2815,bone tool,Bone Object
1016,2816,worked bone,Bone Object
1027,59,finger ring,Ring
1030,45,figurine,Figurine
1032,47,bone object,NULL
1032,48,apotropaic plaque ,Plaque
1032,50,spoon,Spoon
1032,51,ring,Ring
1032,52,plaque,Bone Object
1032,79,bone object,NULL
1032,123,coin,Coin
1032,242,bone object,NULL
1032,288,game piece,NULL
1032,569,marble relief,Sculpture
1032,570,slag,NULL
1032,575,bone object,NULL
1046,159,sarcophagus,NULL
1076,106,bronze object,Metal Object
1080,107,hook,NULL
1080,237,coin,Coin
1101,109,nail,NULL
1110,111,spindle whorl,Spindle Whorl
1110,113,ring,Ring
1110,244,loom weight,Loom Weight
1112,116,tack,Tack
1112,125,fibula,Fibula
1112,2565,AE coin,Coin
1124,121,button,Button
1124,136,game piece,NULL
1129,189,coin,Coin
1135,152,lithic - flint blade (?),Lithic Tool
1146,154,handle,Handle
1146,158,ring,Ring
1146,206,"terra sigillata fragment with stamp in planta pedis CVVASI (?); grafffito
",Graffito
1146,207,handle,Handle
1150,236,spindle whorl,Spindle Whorl
1157,199,coin,Coin
1158,130,bronze object,NULL
1158,140,lead fragment,NULL
1158,141,Iron fragment - blade (?),Metal Fragment
1158,144,slingshot bullet,Bullet
1158,146,gaming piece - die,Game Piece
1158,147,fibula,NULL
1158,150,Coin (AE) - uncertain denomination,Coin
1164,134,ring,Ring
1165,135,glass bead,Bead
1165,138,Bronze decorative element,Boss
1165,143,Coin (AE) - uncertain denomination,Coin
1165,153,worked bone implement ,Pin
1168,139,hairpin,Pin
1168,145,Worked bone object with decoration,Pin
1173,587,loom weight,Loom Weight
1173,594,loom weight,Loom Weight
1181,184,Fish Hook,Hook
1182,251,metal object,Coin
1182,441,loom weight,Loom Weight
1192,264,Marble inscription,Inscription
1199,190,miniature black gloss cup ,Complete Vessel
1202,413,stamp,NULL
1208,200,coin,Coin
1213,230,glass object,Token
1218,202,pestle,Pestle
1218,203,Coin (AE) - As,Coin
1218,205,bronze ladle,Metal Object
1222,440,loom weight,Loom Weight
1231,409,Coin (AE) - double litra,Coin
1237,194,coin,Coin
1242,213,Decorated terracotta fragment,Altar
1242,214,Bone object,Earspoon
1242,238,2 Coins (AE) - a and b,Coin
1275,227,miniature vessel,Votive
1275,268,Coin (AE) - Litra,Coin
1277,226,Wall anchor ,Metal Object
1279,276,Loom Weight,Loom Weight
1279,277,Loom Weight,Loom Weight
1279,279,Shell with hole,NULL
1279,280,Nail fragment,Nail
1279,284,Loom Weight,Loom Weight
1279,285,Olla - complete profile,Complete Vessel
1279,286,Nail,Nail
1279,397,Spindle Whorl ,Spindle Whorl
1279,593,Loom Weight - fragment,Loom Weight
1280,234,bracelet,NULL
1306,281,complete vessel,Votive
1306,282,bronze object,NULL
1306,595,spool,Spool
1320,278,complete vessel,Votive
1320,283,Iron object,Metal Object
1327,287,gaming piece - die,Game Piece
1327,291,fibula fragment,Fibula
1327,293,comb,Comb
1327,407,lamp,Lamp
1327,408,loom weight,Loom Weight
1327,582,stylus,Stylus
1327,596,game piece,NULL
1327,597,game piece,Game Piece
1327,2796,Iron tool,Metal Object
1335,405,tack,NULL
1335,406,nail,NULL
1339,292,sarcophagus,NULL
1342,289,bead,Bead
1342,290,loom weight,Ceramic Object
1342,299,pin,NULL
1351,295,stamp,NULL
1354,576,stamp,NULL
1368,294,pin,NULL
1368,296,bone object,NULL
1368,298,bone object,NULL
1368,301,bone object,NULL
1368,302,bone object,NULL
1368,303,game piece,NULL
1368,304,game piece,NULL
1368,396,ring,Ring
1368,399,bone object,Bone Object
1368,400,bone object,NULL
1368,401,earspoon,NULL
1368,402,complete vessel,Lamp
1368,403,bone object,NULL
1368,404,bone object,NULL
1368,411,stamp (not fully preserved),Graffito
1368,572,spool,Spool
1368,574,key,NULL
1368,2801,iron tool,Stylus
1368,2804,Iron tool,Metal Object
1369,580,stamp,NULL
1375,300,stamp,NULL
1375,398,stamp,NULL
1376,297,ring,Ring
1376,305,nail,NULL
1380,425,loom weight,Loom Weight
1382,410,bone object,NULL
1382,415,bead,Bead
1382,416,game piece,NULL
1382,419,complete vessel,NULL
1382,420,spoon,NULL
1382,421,fish hook,Hook
1382,423,bone object,NULL
1384,414,fibula fragment,Fibula
1385,412,altar,Altar
1386,427,partial vessel,NULL
1386,428,partial vessel,NULL
1386,431,Coin (AE) - uncertain denomination,Coin
1386,584,plaque - fragment,Plaque
1386,1427,ceramic with graffito,Graffito
1399,588,bead,NULL
1399,590,fibula - fragment,Fibula
1403,422,complete vessel,NULL
1403,424,loom weight,Loom Weight
1403,429,ring,Ring
1406,430,altar,Altar
1412,433,loom weight,Loom Weight
1412,571,figurine fragment,Figurine
1422,434,Coin (AE) - Quadrans,Coin
1427,581,bone inlay,NULL
1427,583,lithic,NULL
1439,585,slag - iron,Slag
1442,586,tube,NULL
1453,592,Coin (AE) - As,Coin
1456,589,ochre fragment,NULL
1456,591,bronze object,NULL
2000,21,coin,Coin
2000,22,coin,Coin
2000,24,game piece,Game Piece
2000,29,coin,Coin
2000,38,coin,Coin
2002,271,spool,Spool
2002,1647,Quadrilateral loom weight ,Loom Weight
2002,1648,Spindle whorl,Spindle Whorl
2003,35,ring,NULL
2010,2792,Fibula Fragments,Fibula
2011,40,lithic,Lithic Tool
2016,240,bone object,NULL
2018,76,ceramic fragment,NULL
2024,43,coin,Coin
2043,57,ceramic fragment,Vessel Fragment
2056,55,stone fragment,NULL
2065,77,ceramic fragment,NULL
2073,1538,Bronze coin fragment,Coin
2073,2716,Terracotta figurine,Ceramic Object
2074,95,fibula,Fibula
2076,92,complete vessel,Graffito
2076,245,spindle whorl,Spindle Whorl
2082,103,AE coin - Republican (3rd cent BCE),Coin
2082,492,loom weight,Loom Weight
2082,493,loom weight,Loom Weight
2087,161,sarcophagus,NULL
2089,160,sarcophagus,NULL
2094,578,coin,Coin
2095,112,ceramic fragment,NULL
2095,155,inscription,NULL
2095,157,bone object,NULL
2104,445,sculpture,NULL
2107,117,coin,Coin
2111,443,loom weight,Loom Weight
2123,129,ceramic fragment,Graffito
2131,437,fibula,NULL
2145,444,loom weight,Loom Weight
2147,210,spindle whorl,Spindle Whorl
2171,193,coin,Coin
2174,254,loom weight,Loom Weight
2177,209,AE coin - Imperial (1st cent CE),Coin
2181,197,fibula,Fibula
2182,442,graffito,Graffito
2189,211,spindle whorl,Spindle Whorl
2205,233,ceramic object,NULL
2207,316,bronze object,NULL
2221,306,loom weight,Loom Weight
2222,307,coin,Coin
2225,310,loom weight,Loom Weight
2226,311,ring,Ring
2226,489,graffito,Graffito
2228,309,coin,Coin
2228,312,coin,Coin
2229,308,spool,Spool
2234,313,button,NULL
2234,490,grate,NULL
2237,314,ceramic object,Altar
2237,324,loom weight,Loom Weight
2243,315,AE coin -- Republican (3rd cent. BCE),Coin
2243,485,fish hook,Hook
2246,317,loom weight,Loom Weight
2246,335,spindle whorl,Spindle Whorl
2256,2575,Genucilia Plate fragment,Ceramic Fragment
2258,320,Bone knob head hairpin,Pin
2258,329,coin,Coin
2258,332,architectural revetment,NULL
2258,1797,Spool,Spool
2268,321,loom weight,Loom Weight
2268,322,loom weight,Loom Weight
2269,491,complete vessel,Votive
2280,325,lithic,Lithic Tool
2281,326,spool,Spool
2281,327,ceramic object,NULL
2281,328,graffito,Graffito
2281,330,spindle whorl ,Spindle Whorl
2296,1966,grinding stone,Unknown
2303,333,Worked knuckle bone. game piece? for divination? ,Bone Object
2308,331,complete vessel,NULL
2317,2317,stamped CBM,Stamp
2330,334,bronze object,NULL
2330,486,relief,Relief
2338,487,altar,Altar
2370,488,spindle whorl,Spindle Whorl
2370,2708,debitage,Debitage
2381,1422,bronze fragment,Metal Fragment
2382,1429,nearly whole lamp,Complete Vessel
2382,1430,terra sigillata base with stamp,Stamp
2382,1431,marble sphere,Unknown
2382,1434,bronze fibula,Fibula
2382,1436,Lamp,Lamp
2382,1437,Terra sigillata base with partial stamp ,Stamp
2382,1442,Terra sigillata base with stamp,Stamp
2382,1443,Nearly intact lamp,Lamp
2382,1444,terra sigillata stamp,Stamp
2382,1458,"erotic vase scene
", where visible. The size of the figures indicates that there could have been three such scenes decorating the cup if they were placed fairly close together
2382,1461,Terra sigillata molded stamp,Stamp
2382,1468,Lamp with maker's mark,Ceramic Fragment
2385,1448,loom weight,Loom Weight
2385,1459,ceramic loom weight. ,Loom Weight
2385,1460,coin (Republican As),Coin
2385,1462,ceramic loom weight,Loom Weight
2385,1465,ceramic loom weight fragment,Loom Weight
2385,1467,internal red slip pan,Vessel Fragment
2385,1472,Bone pin fragment,Pin
2385,1474,figurine fragment ,Figurine
2385,1475,Bronze and iron object,Fibula
2385,1483,Creamware base with graffito,Graffito
2385,1535,loom weight fragment,Loom Weight
2385,1537,bucchero wall with graffito,Graffito
2386,1471,Ceramic loom weight fragment,Loom Weight
2387,1479,Loom weight fragment,Loom Weight
2392,1482,Burnt worked bone fragment,Bone Fragment
2409,1514,hairpin fragment,Pin
2410,1536,Attic red figure fragment,Vessel Fragment
2415,1651,Female Figurine fragment,Figurine
2415,2415,Stamped CBM,Stamped Tile
2416,1515,Iron nail,Nail
2416,1516,Loom weight,Loom Weight
2416,1533,ceramic stopper,Ceramic Object
2416,1551,impasto fragment with graffito,Graffito
2419,1524,Ceramic loom weight,Loom Weight
2419,1526,Ceramic loom weight,Loom Weight
2419,1583,Bronze fragment,Metal Fragment
2420,1559,worked sandstone,Unknown
2423,1523,Spool fragment,Spool
2424,1520,Bronze fragment,Metal Object
2425,1525,Ceramic gaming token?,Game Piece
2425,1527,Ceramic loom weight,Loom Weight
2425,1529,Ceramic loom weight,Loom Weight
2425,1531,Ceramic loom weight,Loom Weight
2433,1543,bronze chain fragment,Chain
2435,1544,Iron nail,Nail
2435,1545,Attic red figure fragment,Ceramic Fragment
2445,1556,Ceramic loom weight,Loom Weight
2445,1564,ceramic loom weight,Loom Weight
2447,1562,Spool,Spool
2447,1566,Iron nail fragment,Nail
2447,1570,Cluster of iron nails,Nail
2447,1573,Ceramic loom weight,Loom Weight
2451,1572,Miniature vessel,Votive
2451,1574,Iron fragment.,Metal Object
2451,1575,Iron nail fragment,Metal Fragment
2457,1585,Worked bone fragment,Bone Object
2458,1587,Worked bone fragment,Bone Fragment
2458,1592,iron frag,Metal Fragment
2462,1598,Worked bone.,Bone Object
2462,1599,Lithic tool fragment,Lithic Tool
2462,1603,Ceramic loom weight,Loom Weight
2462,1604,Spool fragment,Spool
2462,1606,Iron nail,Nail
2465,1594,Ceramic spool,Spool
2475,1607,Ceramic sherd with graffito,Graffito
2475,1613,Iron fragment,Nail
2475,1614,Imitation Attic red figure fragment,Vessel Fragment
2475,1623,Attic red figure frag,Ceramic Fragment
2475,1962,Grinding stone,Unknown
2476,1610,Bronze fibula,Fibula
2480,1611,Nearly complete vessel,Complete Vessel
2485,1615,Ceramic spool,Spool
2485,1620,Ceramic spindle whorl,Spindle Whorl
2486,1619,net weight (?),Unknown
2492,1912,Spool fragment,Spool
2508,1666,Bronze fragment,NULL
2509,1748,Bronze fragment,Metal Object
2509,1760,bronze fibula,Fibula
2510,1663,Bronze object,Metal Fragment
2510,1672,pebble - game piece,Game Piece
2523,1694,Spool fragment,Spool
2523,1698,Spool fragment,Spool
2523,1709,Bronze object,NULL
2523,1713,bronze pin fragment,Pin
2532,1923,Debitage,Debitage
2533,1726,Bronze ring,Ring
2533,1730,spool fragment ,Spool
2534,1720,Worked bone object,Pin
2534,1727,bronze fragment,Metal Object
2534,1735,bronze object,Metal Fragment
2534,1736,debitage,Debitage
2534,1770,bronze ring,Ring
2534,1772,Fragmented bronze ring.,Ring
2534,1774,Bronze ring.,Ring
2538,1756,spindle whorl,Spindle Whorl
2545,1750,Chert that might be worked and regardless is a lovely sample of non-local stone,Unknown
2551,1771,Spool,Spool
2551,1776,Bronze fragment,Metal Fragment
2551,1778,glass bead,Bead
2551,1780,spool fragment,Spool
2551,1785,Fragment of a spindle whorl,Spindle Whorl
2552,1741,debitage,Debitage
2552,1768,Bronze object,Metal Fragment
2552,1773,Small bronze fragment,Metal Fragment
2552,1856,Spool,Spool
2552,1870,bronze fragment,Metal Fragment
2555,1769,Spindle Whorl Fragment ,Spindle Whorl
2557,1903,small bronze object,Metal Object
2557,1904,debitage,Debitage
2558,1786,Loom-weight.,Loom Weight
2558,1789,bronze fragment,Metal Fragment
2558,1791,bronze pin,Metal Object
2558,1792,Spool fragment,Spool
2558,1794,spool,Spool
2558,1803,Bronze ring fragment.,Ring
2558,1804,spool,Spool
2558,1805,Bronze pin fragment,Pin
2558,1807,bronze fragment,Metal Fragment
2558,1866,Spool fragment,Spool
2558,1875,Bronze ring fragment,Metal Fragment
2559,1788,bronze fragment,Metal Fragment
2559,1790,bronze Fragmental fibula,Fibula
2561,1832,Miniature vessel,Votive
2566,1845,iron wire,Metal Object
2575,1825,incised vessel,Ceramic Object
2581,1815,Spool fragment,Spool
2583,1822,Bronze fragment ,Ring
2583,1827,bronze fragment,Metal Fragment
2583,1828,broken bronze bead,Bead
2585,1833,Bronze fragment,Metal Fragment
2585,1839,bronze object,Metal Object
2585,1840,bronze fragment,Pin
2585,1844,amber fragment,Unknown
2585,1965,pestle ?,Pestle
2587,1837,stone flake,Lithic Tool
2587,1838,stone flake,Lithic Tool
2590,1855,Bronze ring,Ring
2590,1880,small bronze fragment,Metal Fragment
2592,1859,Bronze ring ?,Ring
2595,1876,bronze fragment,Metal Fragment
2595,1877,bronze arrowhead,Metal Object
2595,1881,bronze fibula fragment,Fibula
2595,1891,bronze wire,Metal Object
2595,1948,spool fragment,Spool
2597,1896,Debitage Flake,Debitage
2598,1800,Two fragments of a bronze ring,Ring
2598,1829,bone bead,Bead
2598,1894,bronze needle,Metal Fragment
2598,1895,Debitage,Debitage
2598,1897,pebble - gaming token (?),Unknown
2599,1886,Bronze fragment,Metal Fragment
2600,1802,fragment of a glass paste bead,Bead
2600,1851,debitage,Debitage
2601,1905,Bronze pin fragment.,Pin
2602,2602,ceramic stopper/ game piece,Game Piece
2604,1916,Stone object,Unknown
2616,1926,bronze fragment,Metal Fragment
2616,1927,Debitage,Debitage
2616,1930,fragmented bronze ring,Ring
2616,1936,Spool,Spool
2617,1931,Spool fragment,Spool
2617,1932,debitage,Debitage
2618,1742,Bronze pin fragment,Pin
2625,1935,bronze object,Metal Object
2629,2715,Bronze fibula fragment,Fibula
2631,1724,bead fragment,Bead
2631,1955,Bronze rings,Ring
2631,1961,Bronze Fragment,Metal Fragment
2634,1733,bronze frag,Metal Object
2634,1951,Bronze hook,Hook
2643,1957,Debitage,Debitage
2643,1958,Debitage,Debitage
2643,1960,Fibula (?) Fragment,Fibula
2645,1906,spool,Spool
2649,2081,debitage,Debitage
2655,2083,debitage,Debitage
2667,2084,Bronze fragment,Metal Fragment
2669,2808,debitage,Debitage
2670,2091,Lithic,Lithic Tool
2670,2096,Debitage,Debitage
2670,2116,Spool,Spool
2675,2100,Bronze and Tooth Object,Metal Object
2682,2115,Spindle whorl fragment,Spindle Whorl
2683,2122,Lithic,Lithic Tool
2683,2123,Debitage,Debitage
2685,2125,Debitage,Debitage
2686,2127,bronze ring,Ring
2686,2128,Bone bead,Bead
2692,2131,worked bone fragment,Bone Object
2692,2132,lithic core,Lithic Tool
2692,2133,Debitage Fragment,Debitage
2697,2140,"
Intact Vessel",Complete Vessel
2697,2143,Metal Object,Metal Object
2697,2145,Debitage,Debitage
2697,2146,Bronze Pin (Fibula) Fragment ,Metal Fragment
2697,2147,Smashed Vessel,Ceramic Object
2697,2163,Bronze fragment,Metal Fragment
2697,2170,Bronze fragment,Metal Fragment
2697,2445,large bronze ring fragment,Metal Object
2697,2505,Lead object with a hole,Metal Object
2711,2548,Bronze fibula fragment,Fibula
2712,2200,Spindle whorl fragment,Spindle Whorl
2718,2807,debitage,Debitage
2720,2208,Bronze fragment,Metal Fragment
2721,2210,Bronze rings,Finger Ring
2721,2211,Bronze ring,Finger Ring
2722,2212,Bronze fragments (2),Metal Fragment
2728,2245,Iron Fragment,Metal Fragment
2728,2430,spinde whorl fragment,Spindle Whorl
2731,2301,Bronze fragment,Metal Fragment
2731,2310,Amber objects,Unknown
2739,1658,glass bead,Bead
2739,2356,bronze rings,Metal Object
2739,2358,Spindle whorl fragment,Spindle Whorl
2739,2361,Bronze button,Button
2740,2354,Debitage,Debitage
2741,2355,Bronze stud,Metal Fragment
2748,2405,Spindle whorl,Spindle Whorl
2748,2411,Spool,Spool
2748,2413,Spool,Spool
2748,2416,Spool Fragment,Spool
2748,2481,Spool Fragment,Spool
2756,2417,Bronze ring,Ring
2758,2427,lithic tool fragment,Lithic Tool
2758,2429,Bronze fragment,Metal Fragment
2765,2440,Spool fragment,Spool
2766,2748,ceramic bead,Bead
2772,2458,Spool fragment,Spool
2772,2459,Debitage fragment,Debitage
2772,2460,lithic flake,Lithic Tool
2775,2463,Worked Stone,Unknown
2787,2482,Bronze Fragment,Ring
2788,2561,spool fragment,Spool
2795,2546,Flint,NULL
2802,2506,Bronze fragment,
2817,2514,Bronze fragment,Metal Fragment
2817,2515,Bronze fragment,Metal Fragment
2817,2521,Bronze ring(s?),Ring
2817,2523,Bronze ring fragment,Ring
2817,2527,Bronze ring ,Ring
2817,2533,Fragment of Spool,Spool
2817,2536,Debitage,Debitage
2817,2542,Bronze Pin,Metal Object
2817,2550,Bronze fragment,Ring
2817,2551,Lithic,Lithic Tool
2819,2568,Spool fragment,Spool
2819,2568,Spool fragment,Spool
2819,2574,Spool,Spool
2819,2581,"Bronze Fragment, Half Ring",Ring
2826,2610,spindle whorl,Spindle Whorl
2826,2637,spool fragment,Spool
2828,2584,lithic flake,Lithic Tool
2828,2585,Debitage,Debitage
2828,2705,debitage,Debitage
2837,2589,fragmentary spindlewhorl,Spindle Whorl
2838,2588,Spool,Spool
2838,2649,Spindle whorl fragment,Spindle Whorl
2838,2683,Debitage,Debitage
2840,2593,Bronze fibulae fragments,Fibula
2840,2595,ceramic token,Votive
2840,2597,Bronze ring fragment ,Ring
2841,2594,Bronze needle fragment,Needle
2846,2598,spool fragment ,Spool
2857,2621,Debitage,Debitage
2858,2623,Debitage,Debitage
2860,2630,Debitage,Debitage
2860,2633,A bronze pin,Pin
2860,2640,Three pieces of debitage,Debitage
2867,2644,debitage ,Debitage
2870,2650,spool fragment ,Spool
2875,2664,bronze fragment,Metal Fragment
2875,2666,bead,Bead
2875,2671,Bronze ring ,Ring
2876,2661,Spool,Spool
2878,2660,Spool,Spool
2879,2668,Lithic flake,Lithic Tool
2879,2670,Bronze fibula pin,Fibula
2879,2672,Obsidian lithic ,Lithic Tool
2879,2674,Spool,Spool
2879,2691,Partial spindle whorl,Spindle Whorl
2879,2697,Spool fragment,Spool
2879,2766,debitage,Debitage
2885,2680,bronze fibula (?) pin fragment,Metal Object
2887,2692,Bone plaque x2,Plaque
2887,2694,Spool Fragment,Spool
2887,2712,Spool fragment,Spool
2888,2806,debitage,Debitage
2894,2698,Debitage,Debitage
2894,2700,   Debitage,Debitage
2901,2703,Spool Fragment,Spool
2905,2709,bronze ring,Ring
2915,2713,"Fragmentary vessel in cut 2917, T.56",Ceramic Object
2915,2714,"Complete vessel in cut 2917, T.56",Ceramic Object
2915,2717,"complete vessel (dipper cup) in cut 2917, T.56",Ceramic Object
2915,2718,"Bronze vessel in cut 2917, T.56",Metal Object
2915,2719,"Accumulation of bronze and amber objects, T.56",Fibula
2915,2721,"Assortment of Beads from around body, T.56",Bead
2915,2722,"Bronze fibula, T.56",Fibula
2915,2723,"amber fibula arch, T.56",Fibula
2915,2724,"bronze and amber fibula, T.56",Fibula
2915,2725,"Bronze ring, T.56",Ring
2915,2726,"bronze ring with amber fibula frag, T.56",Ring
2915,2727,"bronze fibula with amber piece on arch, T.56",Fibula
2915,2728,"amber fibula frag, T.56",Fibula
2915,2729,"bronze fibula, T.56",Fibula
2915,2730,"bronze fibula, T.56",Fibula
2915,2731,"three bronze fibulae, T.56",Fibula
2915,2732,"Bronze Fibula, T.56",Fibula
2919,2736,"Ceramic Vessel, T. 57",Ceramic Object
2919,2737,"Olla, T. 57",Ceramic Object
2919,2738,Chalice T. 57,Ceramic Object
2919,2739,"Kantharos, T. 57",Ceramic Object
2919,2740,"Cup, T. 57",Ceramic Object
2919,2741,"Ceramic Vessel, T 57",Ceramic Object
2919,2742,"Ceramic Vessel, T. 57",Ceramic Object
2920,2743,Bronze Vessel (Patera) T. 57,Metal Object
2920,2744,"Small bronze Bracelet, T 57",Bracelet
2920,2745,Sheet Bronze Objects (two bullae?) T.57,Metal Object
2931,2750,Debitage,Debitage
2931,2762,amber fragment,NULL
2932,2684,debitage,Debitage
2944,2780,Debitage,Debitage
2944,2783,Debitage,Debitage
2944,2785,Bronze link with nubbin,Ring
3000,336,pin,Fibula
3000,639,game piece,NULL
3004,337,handle,NULL
3004,338,needle,Needle
3004,339,ring,NULL
3004,1043,votive,Votive
3012,362,loom weight,Loom Weight
3021,341,bronze fragment,NULL
3021,342,stylus,NULL
3021,345,nail,Nail
3021,346,nail,Nail
3021,347,bronze object,NULL
3021,348,nail,Nail
3021,349,nail,Nail
3021,350,nail,Nail
3021,351,spool,Spool
3021,352,nail,Nail
3021,353,spool,Spool
3021,354,bone object,NULL
3021,355,spool,Spool
3021,361,bone object,NULL
3021,364,bone object,NULL
3021,446,stamp,NULL
3025,343,fibula,NULL
3025,344,bronze fragment,NULL
3027,357,Bronze earring,NULL
3028,358,spear tip,NULL
3035,356,necklace,NULL
3036,360,bone object,NULL
3037,359,bone object,NULL
3045,363,loom weight,Loom Weight
3045,365,loom weight,Loom Weight
3045,447,bronze object,NULL
3051,1042,votive,Votive
3052,448,bone object,NULL
3053,456,pin,Fibula
3053,458,pin,Fibula
3057,450,spindle whorl ,Spindle Whorl
3057,451,spool,Spool
3057,452,fibula,NULL
3057,454,ring,Ring
3059,449,fibula,NULL
3059,460,spindle whorl ,Spindle Whorl
3060,453,bone object,NULL
3061,455,Bronze fibula,Fibula
3063,457,ring,Ring
3065,459,bead,Bead
3065,461,spindle whorl ,Spindle Whorl
3065,462,bone object,NULL
3066,466,bronze object,NULL
3066,468,nail,Nail
3066,469,nail,NULL
3066,470,nail,Nail
3070,463,spindle whorl ,Spindle Whorl
3070,464,spool,Spool
3070,467,ring,Ring
3070,472,spool,Spool
3070,473,Pin,Fibula
3070,477,spindle whorl,Spindle Whorl
3074,1044,votive,Votive
3075,465,lithic,NULL
3077,471,spool,Spool
3087,475,spool,Spool
3089,474,plaque,NULL
3089,478,loom weight,Loom Weight
3093,476,spool,Spool
3098,479,spindle whorl,Spindle Whorl
3101,483,bone object,NULL
3102,480,marble fragment,NULL
3102,616,stamp,NULL
3106,481,loom weight,Loom Weight
3109,482,Iron key,NULL
3109,601,pin,NULL
3109,617,stamp,NULL
3110,484,loom weight,Loom Weight
3110,600,loom weight,Loom Weight
3110,611,figurine,NULL
3111,602,complete vessel,Complete Vessel
3112,605,spindle whorl,Spindle Whorl
3116,603,architectural revetment,Architectural Molding
3116,604,loom weight,Loom Weight
3116,645,altar,Altar
3118,606,loom weight,Loom Weight
3118,607,tack,NULL
3118,608,loom weight,Loom Weight
3118,609,architectural revetment,Architectural Revetment
3118,610,graffito,Graffito
3118,612,fibula fragments,Fibula
3118,613,partial ceramic vessel,Vessel Fragment
3118,614,architectural element,NULL
3118,618,ceramic fragment,NULL
3118,619,partial ceramic vessel,Vessel Fragment
3123,615,relief,Architectural Molding
3126,620,partial ceramic vessel,NULL
3131,621,spool,Spool
3131,653,spool,Spool
3132,655,spool,Spool
3132,656,pendant,NULL
3134,640,loom weight,Loom Weight
3136,658,spool,Spool
3137,686,lithic,NULL
3142,682,fibula,NULL
3143,652,spool,Spool
3144,659,spool,Spool
3146,623,spool,Spool
3146,632,bead,Bead
3148,624,ceramic vessel,NULL
3148,630,architectural revetment,NULL
3151,622,ring ,Ring
3151,625,spool,Spool
3153,626,spindle whorl,Spindle Whorl
3157,654,complete vessel,NULL
3160,2044,"Iron object, T. 48",Unknown
3162,628,spool,Spool
3166,629,spool,Spool
3166,631,spindle whorl,Spindle Whorl
3166,633,Fibula pin,Fibula
3166,636,ring ,Ring
3166,637,spool,Spool
3166,690,spool,Spool
3166,691,spool,Spool
3167,627,spool,Spool
3171,634,ring ,Ring
3171,635,spindle whorl,Spindle Whorl
3171,638,plaque,NULL
3171,641,spool,Spool
3171,643,spindle whorl,Spindle Whorl
3171,644,spool,Spool
3171,648,spool,Spool
3171,649,spool,Spool
3171,650,spool,Spool
3171,669,spool,Spool
3171,670,spool,Spool
3171,671,spindle whorl,Spindle Whorl
3179,642,stone object,NULL
3179,661,lithic,NULL
3189,646,spindle whorl,Spindle Whorl
3189,647,spindle whorl,Spindle Whorl
3202,689,architectural revetment,NULL
3211,684,pestle,Pestle
3211,685,lithic,NULL
3211,2767,debitage,Debitage
3212,657,bone object,NULL
3213,1002,bead,Bead
3219,683,graffito,Graffito
3225,660,spindle whorl,Spindle Whorl
3227,662,spool,Spool
3227,663,spool,Spool
3227,664,spindle whorl,Spindle Whorl
3227,665,spool,Spool
3227,667,spool,Spool
3227,668,spool,Spool
3227,679,votive,Votive
3227,680,nail,NULL
3227,681,spindle whorl,Spindle Whorl
3227,687,spool,Spool
3227,688,spool,Spool
3239,672,complete vessel,NULL
3240,674,complete vessel,NULL
3242,673,complete vessel,NULL
3243,675,complete vessel,NULL
3244,676,complete vessel,NULL
3246,677,complete vessel,NULL
3247,678,bronze object,NULL
3256,1000,spindle whorl,Spindle Whorl
3256,1021,spindle whorl,Spindle Whorl
3257,1001,spindle whorl,Spindle Whorl
3259,1003,ring,Ring
3259,1004,debitage,Lithic Tool
3259,1005,pin,Pin
3259,1006,spool,Spool
3259,1007,spool,Spool
3259,1009,spool,Spool
3259,1011,debitage,Lithic Tool
3259,1012,spool,Spool
3259,1013,ring,Ring
3259,1014,debitage,Lithic Tool
3259,1015,spool,Spool
3259,1016,spindle whorl,Spindle Whorl
3259,1023,figurine,Figurine
3260,1008,spool,Spool
3263,1010,spindle whorl,Spindle Whorl
3267,1017,debitage,Lithic Tool
3267,1018,votive,Votive
3267,1019,spool,Spool
3267,1022,ring,Ring
3267,1027,votive,Votive
3267,1028,votive,Votive
3267,1029,votive,Votive
3267,1030,votive,Votive
3267,1031,votive,Votive
3279,1024,bronze fragment,Metal Fragment
3279,1025,bronze fragment,Metal Fragment
3288,1032,spool,Spool
3288,1033,debitage,Lithic Tool
3298,1034,spool,Spool
3298,1035,spool,Spool
3298,1036,spindle whorl,Spindle Whorl
3305,1100,spindle whorl,Spindle Whorl
3305,1120,votive,Votive
3306,1038,spool,Spool
3306,1039,spindle whorl,Spindle Whorl
3306,1041,spool,Spool
3306,1045,spool,Spool
3308,1037,debitage,Lithic Tool
3308,1040,debitage,Lithic Tool
3310,1049,spool,Spool
3310,1119,fibula,Fibula
3311,1046,spool,Spool
3311,1047,nail,Nail
3311,1048,spool,Spool
3317,1101,spindle whorl,Spindle Whorl
3318,1102,votive,Votive
3318,1103,bronze fragment,Metal Fragment
3318,1104,votive,Votive
3318,1105,votive,Votive
3318,1106,bead,Bead
3318,1107,debitage,Lithic Tool
3318,1108,Iron nail,Nail
3318,1109,votive,Votive
3318,1111,spool,Spool
3318,1145,votive,Votive
3318,1146,votive,Votive
3318,1147,votive,Votive
3321,1110,spool,Spool
3321,1114,loom weight,Loom Weight
3328,1112,spindle whorl,Spindle Whorl
3329,1113,bronze object,Metal Fragment
3333,1115,spool,Spool
3333,1116,flint,Lithic Tool
3333,1117,ring,Ring
3350,1118,ceramic vessel,Complete Vessel
3351,1121,debitage,Lithic Tool
3351,1156,partial spindle whorl,Spindle Whorl
3356,1122,spool,Spool
3359,1125,worked bone,Bone Fragment
3359,1995,Impasto dipper cup from T.51.,Complete Vessel
3359,2031,"Bronze pendant with silver foil, T.51",Pendant
3359,2032,Silver Beads associated with Silver Pendant SF2031,Bead
3359,2033,Bronze Studs,
3359,2034,Two Lead Studs,Stud
3361,1123,bronze fragment,Metal Fragment
3362,1124,complete vessel,Complete Vessel
3363,1127,bronze object,Metal Fragment
3364,1126,complete vessel,Complete Vessel
3365,1128,complete vessel,Complete Vessel
3366,1129,Bronze section of cista,Metal Fragment
3367,1130,"bronze objects, part of the bronze tripod",Metal Fragment
3368,1129,Bronze section of cista,Metal Fragment
3368,1131,situla,Metal Fragment
3369,1132,complete vessel,Complete Vessel
3370,1133,complete vessel,Complete Vessel
3371,1134,complete vessel,Complete Vessel
3372,1135,T.51 Bronze Ring,Ring
3372,2493,"T.51, bronze suspension ring",Ring
3373,1136,fibula,Fibula
3373,1150,"Bronze pin fragment of Amber Fibula SU3373, SF1136",Pin
3374,1137,complete vessel,Complete Vessel
3375,1138,complete vessel,Complete Vessel
3376,1139,fibula,Fibula
3377,1140,VOID NUMBER bead,Bead
3378,1141,fibula,Fibula
3379,1142,fibula,Fibula
3380,1143,complete vessel,Complete Vessel
3382,1144,bracelet,Bracelet
3383,1148,VOID NUMBER beads,Bead
3383,1149,VOID NUMBER nail fragment,Metal Fragment
3383,2019,Amber amphora-shaped beads, the conservator (check?)) with cylindrical silver/bronze beads inside. 
3383,2020,Amber square-shaped beads,Bead
3383,2021,Amber miniature beads,Bead
3383,2022,Amber spherical-shaped beads,Bead
3383,2023,Amber cylindrical bead,Bead
3383,2024,Amber pear-shaped bead,Bead
3383,2025,Faience beads with wavy-line pattern,Bead
3383,2026,Faience Circular Beads,Bead
3383,2027,Silver cylindrical beads,Bead
3383,2028,Silver wire on bronze cylindrical beads,Bead
3383,2029,Faience Bead with circular pattern,Bead
3384,1150,"Bronze pin fragment of Amber Fibula SU3373, SF1136",Pin
3388,1161,Spindle whorl fragment ,Spindle Whorl
3396,1171,Miniature bronze fibula,Fibula
3396,1172,miniature bronze fibula,Fibula
3396,1173,miniature bronze fibula,Fibula
3396,1174,miniature bronze fibula,Fibula
3397,2037,"Light blue bead fragments, T.52",Bead
3398,1177,pin of bronze fibula,Fibula
3398,1178,Single faience bead,Bead
3398,1179,miniature bronze fibula,Fibula
3398,1198,miniature bronze fibula,Fibula
3398,1199,miniature bronze fibula,Fibula
3398,1200,Fragmentary Iron Fibula,Unknown
3398,1201,bronze fibula,Fibula
3398,1202,Bronze fibula,Fibula
3398,1203,Blue and white glass object(s),Unknown
3398,1204,Miniature bronze fibula with attached bronze ring,Fibula
3398,1205,miniature bronze fibula,Fibula
3398,1206,"Fragments of Bronze Chain, T.52"," possibly the bulk excavated section from which other chain pieces were microexcavated. """
3398,1207,Glass objects.,Unknown
3398,1208,Glass objects,Unknown
3398,2016,"Fragments of Bronze Chain, T.52",Chain
3398,2017,"Iron Fibula Frag, T.52",Fibula
3398,2035,"Large glass bead, T. 52",Bead
3398,2036,"Small glass bead, T.52",Bead
3398,2038,"Unusual bone object, T.52",Unknown
3398,2492,"T.52, possible iron slag or bead frags.",Unknown
3399,1175,Bronze bracelet,Bracelet
3400,1176,Bronze Bracelet,Bracelet
3400,1996,"Miniature Bronze Fibula with Broken Pin, T52",Fibula
3400,1997,"Miniature Bronze Fibula, T52",Fibula
3400,1998,"Miniature Bronze Fibula, T.52",Fibula
3400,1999,"Miniature Bronze Fibula, T.52",Fibula
3400,2000,"Miniature Bronze Fibula, T.52",Fibula
3400,2001,"Miniature Bronze Fibula, T.52",Fibula
3401,1180,aryballos,Complete Vessel
3402,1182,bucchero amphora,Ceramic Fragment
3403,1181,Askos,Complete Vessel
3406,1183,Impasto bruno olla,Complete Vessel
3407,1184,Alabastron,Complete Vessel
3408,1185,miniature bucchero amphora,Complete Vessel
3409,1186,miniature alabastron,Complete Vessel
3410,1187,Alabastron,Complete Vessel
3411,1188,Impasto bruno amphora,Complete Vessel
3412,1189,bucchero kylix,Complete Vessel
3413,1190,Impasto bruno kyathos,Complete Vessel
3414,1191,Bucchero olpe,Complete Vessel
3415,1192,Alabastron,Complete Vessel
3416,1193,Bucchero kylix,Complete Vessel
3417,1194,Bucchero oinochoe,Complete Vessel
3418,1195,Bucchero kantharos,Complete Vessel
3419,1196,Bucchero olpe,Complete Vessel
3420,1209,VOID NUMBER Iron object,
3420,2002,"Miniature Bronze Ring with multiple long chains and miniature fibula attached, T. 52",Fibula
3420,2003,"Fragmentary Iron Fibula, T.52",Fibula
3420,2004,"Miniature Bronze Ring with Fragmentary Miniature Fibula and multiple chains attached, T.52",Fibula
3420,2005,"Miniature Bronze Fibulae, T.52",Fibula
3420,2006,Miniature Bronze Fibula. T.52,Fibula
3420,2007,"Miniature Iron Fibula with fused second iron fragment, T.52",Fibula
3420,2008,"Miniature Bronze Fibula attached to decorated bronze ring, T.52",Fibula
3420,2009,"Miniature Bronze Fibula, T.52",Fibula
3420,2010,Miniature Bronze Fibula,Fibula
3420,2011,"Miniature Bronze Fibula, T.52",Fibula
3420,2012,"Miniature Iron Fibula fused to fragmentary miniature bronze fibula, T.52",Fibula
3420,2013,"Miniature Bronze Fibula, T. 52",Fibula
3420,2014,"Fragmentary Bronze Fibula, T.52",Fibula
3420,2491,"bag of glass bead fragments, T.52",Bead
3421,1210,white object,Unknown
3422,1211,Patera,Complete Vessel
3425,1361,Glass paste bead,Bead
3428,1213,Stone pestle,Pestle
3428,1222,Stone flake,Lithic Tool
3430,1215,Spool fragment,Spool
3433,1218,Reworked stone flake,Blade
3444,1236,Fragment of stone tool or debitage,Debitage
3445,1221,Bronze fragment,Metal Fragment
3453,1225,Spool,Spool
3453,1227,Debitage,Debitage
3458,1231,Spool fragment,Spool
3476,1238,Spool fragment,Spool
3479,1262,Ceramic bead,Bead
3485,1243,Bronze pin fragment,Pin
3485,1244,Iron fragment,Metal Fragment
3485,1363,Bronze buttonish thing,Metal Object
3487,1248,Quartz,Unknown
3494,1249,Stone outer core,Unknown
3504,1253,Amber bead,Bead
3504,1254,Bronze Fibula fragment,Fibula
3504,1256,Amber bead fragment,Bead
3504,1257,Bronze fragment,Fibula
3504,1258,Stone tool fragment,Lithic Tool
3504,1260,Bronze fragment,Metal Fragment
3504,1261,Bronze object,Unknown
3504,1263,Debitage,Debitage
3504,1266,Spool,Spool
3504,1268,Spindle whorl fragment,Spindle Whorl
3504,1273,Spool,Spool
3504,1275,Iron fragment,Metal Fragment
3508,1264,Spool,Spool
3512,1271,Bronze Finger Ring,Ring
3512,1278,Bead,Bead
3518,1283,Spool fragment,Spool
3518,1289,Spindle whorl fragment,Spindle Whorl
3522,1285,Bronze fibula fragment,Fibula
3526,1343,Bronze ring,Ring
3529,1294,Spindle whorl,Spindle Whorl
3529,1295,Stone core or angular shatter,Unknown
3529,1303,Debitage,Debitage
3529,1306,debitage,Debitage
3532,1296,Small piece of quartz,Unknown
3532,1301,Stone tool fragment,Lithic Tool
3539,1335,Bronze Blob,Unknown
3539,1338,Debitage,Debitage
3539,1339,Spindle whorl,Spindle Whorl
3539,1342,Debitage,Debitage
3542,1345,Fragment of votive,Votive
3560,1340,Spindle whorl fragment,Spindle Whorl
3564,1344,Stone tool fragment,Lithic Tool
3575,1346,Travertine,Unknown
3578,1360,Bronze ring,Ring
3579,1351,Debitage,Debitage
3581,1350,Bronze ring,Ring
3583,1352,Bronze Fibula Pin,Pin
3591,1358,Bronze ring,Ring
3594,1362,spindle whorl fragment,Spindle Whorl
3600,1368,Spool fragment,Spool
3603,1376,Spindle whorl fragment,Spindle Whorl
3603,1377,debitage,Debitage
3606,1378,votive,Votive
3608,1383,VOID NUMBER Bronze fragment,Metal Fragment
3610,1379,Bronze fragment,Metal Fragment
3610,1381,Spool fragment,Spool
3610,1387,Cortex,Debitage
3612,1384,Bronze fragment,Metal Fragment
3621,1390,Glass slag,Glass Fragment
3623,1388,Impasto Cup,Complete Vessel
3624,2039,"Fragmentary Bronze bulla (short one), T.53",Metal Object
3624,2040,"Bronze swastika plaques, bosses, and springs from T.53",Plaque
3624,2041,"Faience Beads, T.53",Bead
3624,2042,"Fragmentary bronze bulla (long), T.53",Metal Object
3626,1392,Spindle whorl,Spindle Whorl
3628,1394,Possibly stylus tip,Stylus
3630,1395,Unidentifiable bronze fragment,Metal Fragment
3635,1414,Bronze fibula fragment,Fibula
3635,1419,Impasto spool,Spool
3635,1420,Votive kyathos,Votive
3642,1424,bronze ring (of chain),Ring
3690,1449,bronze fragment,Metal Fragment
3690,1450,Amber fragment,NULL
3690,2043,"Amber fragment, T. 54",Unknown
3692,1451,Olla,Complete Vessel
3692,1452,Kyathos,Complete Vessel
3692,1453,Kylix,Complete Vessel
3692,1454,Bronze fragment,Metal Fragment
3692,1455,Amber fragment,Glass Fragment
3692,1457,Bone or amber fragment,Unknown
3700,1463,Spool fragment,Spool
3705,1661,Debitage,Debitage
3707,1473,Ceramic spool fragment,Spool
3714,1469,Ceramic spool fragment.,Spool
3715,1644,votive bread,Votive
3727,1504,votive bread,Votive
3731,1484,Ceramic spool,Spool
3731,1511,stone tool,Blade
3734,1495,Flint or chert flake,Debitage
3736,1492,Ceramic loom weight,Loom Weight
3736,1493,Iron fibula fragment,Fibula
3736,1513,votive bread,Votive
3738,1497,Loom weight,Loom Weight
3741,1501, Ceramic Spool,Spool
3747,1557,Ceramic loom weight fragment,Loom Weight
3748,1510,Bronze fibula fragment,Fibula
3749,1512,Glass bead,Bead
3754,1518,Flint debitage possibly tool,Debitage
3758,1528,Ceramic spindle whorl,Spindle Whorl
3761,1521,Impasto spindle whorl,Spindle Whorl
3762,1522,Impasto spindle whorl,Spindle Whorl
3765,1530,Iron fragment,Metal Fragment
3766,1532,Bronze fragment,Unknown
3768,1618,wattle and daub,Architectural Element
3771,1534,Ceramal dolium,Ceramic Object
3773,1550,bronze chain link,Chain
3774,1539,Spindle-whorl of impasto rosso,Spindle Whorl
3774,1636,wattle and daub,Architectural Element
3776,1541,loom weight,Loom Weight
3776,1542,impasto spool,Spool
3776,1548,Spindle whorl,Spindle Whorl
3780,1847,Debitage ,Debitage
3782,1546,Bronze fragment,Metal Fragment
3782,1634,wattle and daub,Architectural Element
3786,1549,Votive fragment,Votive
3790,1560,wattle and daub,Architectural Element
3792,1552,impasto spool,Spool
3793,1553,iron fragment,Metal Object
3793,1554,Iron fragment,Metal Object
3793,1819,debitage,Debitage
3794,1631,wattle and daub,Architectural Element
3794,1820,Two fragments of bronze wire,Metal Object
3804,1625,votive bread fragment,Votive
3808,1561,wattle and daub,Architectural Element
3808,1563,Bronze ring fragment (part of chain),Ring
3808,1565,Bronze object (embedded in soil),Unknown
3808,1632,wattle and daub,Architectural Element
3809,1601,2 pieces of debitage,Debitage
3814,1633,wattle and daub,Architectural Element
3843,1602,Wattle and Daub fragments,Architectural Element
3843,1643,wattle and daub,Architectural Element
3848,1609,Spool fragment,Spool
3848,1635,wattle and daub,Architectural Element
3848,1668,debitage,Debitage
3849,1616,wattle and daub,Architectural Element
3850,1612,Wattle and daub,Architectural Element
3852,1617,Wattle and daub,Architectural Element
3854,1836,bronze decorative element or bead,Metal Object
3858,1700,debitage,Debitage
3859,1622,Wattle and daub,Architectural Element
3869,1908,debitage,Debitage
4005,370,loom weight,Loom Weight
4005,372,bone object,Bone Object
4005,373,stamp,Stamp
4005,374,coin,Coin
4009,376,loom weight,Loom Weight
4009,377,loom weight,Loom Weight
4009,378,loom weight,Loom Weight
4012,383,Lead Token / Tessera,Token
4014,382,loom weight,Loom Weight
4014,386,bone object,NULL
4015,381,coin,Coin
4015,384,loom weight,Loom Weight
4015,385,iron object,NULL
4016,530,loom weight,Loom Weight
4018,539,partial vessel,Stamp
4020,387,coin,Coin
4020,388,ring,Ring
4020,389,coin,Coin
4020,390,iron object,Metal Object
4020,391,coin,Coin
4020,392,bone object,NULL
4020,393,coin,Coin
4020,394,coin,Coin
4020,395,coin,Coin
4020,525,spatula,Metal Object
4020,527,miniature votive lamp,Votive
4022,536,loom weight,Loom Weight
4029,540,loom weight,Loom Weight
4031,524,lead object,NULL
4031,526,relief,Relief
4031,528,iron object,NULL
4031,531,coin,Coin
4031,532,bone object,NULL
4031,533,loom weight,Loom Weight
4031,534,ceramic object,NULL
4031,535,complete vessel,Lamp
4031,537,graffito,Graffito
4031,538,coin,Coin
4031,541,blade,Lithic Tool
4031,542,dipinto,Dipinto
4042,529,complete vessel,Lamp
4394,2191,AE Coin - Imperial,Coin
4395,2312,AE coin - Imperial,Coin
4396,315,AE coin -- Republican (3rd cent. BCE),Coin
4397,209,AE coin - Imperial (1st cent CE),Coin
4398,103,AE coin - Republican (3rd cent BCE),Coin
4399,2348,Carnelian Scarab w/ dog,Seal
4422,2180,AE Coin - Late Antique (mid 4th cent.),Coin
4423,2141,AE coin - Late Antique (mid 4th cent.),Coin
4424,2432,coin - Republican As (mid 2nd cent. BCE),Coin
4471,2532,terra sigillata base with inplanta pedis stamp and graffito,Graffito
4471,2558,terra sigillata base sherd with stamp and graffito,Graffito
5000,701,key,NULL
5002,712,ceramic fragment,NULL
5004,729,needle,Needle
5004,730,loom weight,Loom Weight
5004,732,handle,NULL
5004,735,ceramic fragment,NULL
5004,736,bronze fragment,NULL
5004,738,loom weight,Loom Weight
5004,739,pin,NULL
5004,743,figurine,NULL
5004,745,pin,Pin
5004,747,bone object,NULL
5004,790,stamp,NULL
5004,791,stamp,NULL
5004,792,stamp,NULL
5004,793,stamp,NULL
5004,794,stamp,Stamp
5004,795,stamp,NULL
5004,796,stamp,NULL
5004,797,stamp,Graffito
5004,798,graffito,Graffito
5004,802,figurine,NULL
5004,2797,Iron tool,Metal Object
5012,708,loom weight,Loom Weight
5016,713,stylus,NULL
5016,714,ceramic fragment,NULL
5016,715,ceramic fragment,NULL
5016,716,bronze fragment,NULL
5016,717,bronze fragment,NULL
5016,718,bronze fragment,NULL
5016,719,lamp fragment,NULL
5016,720,complete vessel,Votive
5016,721,stone object,NULL
5016,722,ceramic fragment,NULL
5016,724,"iron fragment


Iron object",NULL
5016,725,handle,NULL
5016,726,pin,Pin
5016,832,stamp,NULL
5016,833,stamp,NULL
5016,834,stamp,NULL
5016,841,figurine,Figurine
5016,842,stamp,Stamp
5016,2803,Iron tool,Metal Object
5016,2805,Iron tool,Metal Object
5019,742,spoon,NULL
5019,744,blade,NULL
5019,748,stamp,NULL
5019,2802,Tweezers,Metal Object
5024,728,ring ,NULL
5024,731,bronze object,NULL
5024,737,token,NULL
5024,854,game piece,NULL
5025,723,votive,Figurine
5025,734,architectural revetment,NULL
5025,764,bone object,NULL
5025,861,marble fragment,NULL
5025,862,marble fragment,Architectural Revetment
5025,863,stamp,Stamp
5027,733,architectural revetment,Architectural Revetment
5027,816,spoon,NULL
5027,821,bronze object,NULL
5048,759,key,NULL
5048,761,stamp,NULL
5048,765,pin,NULL
5048,767,bronze object,NULL
5048,835,stamp,Stamp
5048,836,stamp,NULL
5048,837,stamp,Stamp
5048,838,loom weight,Loom Weight
5048,840,graffito,Graffito
5052,746,game piece,NULL
5052,753,graffito,Graffito
5052,755,iron object,NULL
5052,757,loom weight,Loom Weight
5052,762,architectural element,NULL
5052,766,bead,Bead
5052,769,architectural revetment,Architectural Revetment
5052,770,ceramic fragment,NULL
5052,771,coin,Coin
5052,774,bone object,NULL
5052,807,bead,Bead
5052,818,stamp,NULL
5052,819,"stamp, graffito",Graffito
5052,820,stamp,NULL
5052,2799,Iron tool,Metal Object
5053,740,fibula,NULL
5053,741,fibula,NULL
5053,758,fish hook,NULL
5053,775,lithic,NULL
5053,776,graffito,Graffito
5063,749,bronze object,NULL
5065,750,iron object,NULL
5065,751,iron object,Metal Object
5065,783,stamp,NULL
5065,784,stamp,NULL
5065,2798,2 iron tools,Metal Object
5066,754,loom weight,Loom Weight
5066,756,complete vessel,Vessel Fragment
5068,760,pin,Pin
5076,772,fibula,NULL
5076,773,pin,NULL
5076,779,earspoon,Earspoon
5076,780,iron object,NULL
5076,781,coin,Coin
5076,785,blade,NULL
5076,787,ceramic fragment,NULL
5076,788,coin,Coin
5076,873,stamp,NULL
5079,777,button,NULL
5081,782,nail,NULL
5081,789,miniature kyathos votive,Votive
5081,823,bone object,Pin
5081,900,black gloss rim with graffito ,NULL
5081,2779,Multiple bronze fragments,NULL
5083,778,coin,Coin
5091,786,spindle whorl,Spindle Whorl
5091,799,game piece,NULL
5091,801,pin,NULL
5091,804,lead object,NULL
5091,810,game piece,NULL
5091,822,bead,Bead
5091,824,spindle whorl,Spindle Whorl
5091,825,iron object,NULL
5091,829,bronze object,Metal Object
5091,876,stamp,NULL
5091,877,architectural revetment,NULL
5091,878,figurine,NULL
5091,906,game piece,Game Piece
5091,907,game piece,Game Piece
5092,817,bone object,NULL
5093,800,iron object,NULL
5093,803,bronze object- fibula?,NULL
5093,805,complete vessel,NULL
5093,808,pin,NULL
5093,809,coin,Coin
5093,811,game piece,NULL
5093,812,ring ,Ring
5093,813,Worked bone hinge,NULL
5093,815,game piece,NULL
5093,827,ring ,NULL
5093,869,stamp,NULL
5093,1893,Phiale,Glass Object
5095,806,architectural revetment,NULL
5096,830,bronze object,Metal Fragment
5096,839,bone object,NULL
5101,826,bead,Bead
5105,828,iron object,NULL
5110,831,pin,NULL
5110,843,ring ,NULL
5110,844,pin,Pin
5110,845,pin,Pin
5110,846,pin,NULL
5110,847,pin,Pin
5110,848,pin,NULL
5110,849,handle,NULL
5110,850,pin,NULL
5110,851,pin,NULL
5110,852,bead,Bead
5110,853,needle,Needle
5110,855,pin,NULL
5110,856,ring ,NULL
5110,860,pin,Pin
5110,864,pin,NULL
5110,865,bone object,NULL
5110,868,pin,NULL
5110,870,bone object,Bone Object
5110,871,token,NULL
5110,872,pin,NULL
5110,936,stamp,Stamp
5110,958,worked bone,Bone Fragment
5110,964,stamp,Stamp
5110,965,stamp,Stamp
5110,966,architectural revetment,Architectural Revetment
5124,875,graffito,Graffito
5135,866,bone object,NULL
5135,867,pin,NULL
5158,938,ring,Ring
5159,910,spindle whorl,Spindle Whorl
5160,908,graffito,Graffito
5160,919,game piece,Game Piece
5161,905,ceramic fragment,Ceramic Fragment
5161,909,ceramic fragment,Ceramic Fragment
5161,911,pin,Pin
5161,912,bronze object,Metal Fragment
5161,913,bronze object,Metal Fragment
5161,914,loom weight,Loom Weight
5161,915,iron object,Metal Fragment
5161,916,loom weight,Loom Weight
5167,917,iron object,Metal Fragment
5167,920,bronze object,Metal Fragment
5167,921,worked bone hinge,Bone Fragment
5167,922,stamp,Stamp
5171,923,Marble fragment ,Unknown
5171,924,stamp,Stamp
5171,926,loom weight,Loom Weight
5171,927,loom weight,Loom Weight
5171,928,loom weight,Loom Weight
5171,929,bone handle,Handle
5171,930,bronze object,Metal Fragment
5301,1079,glass bottle,Glass Object
5301,1083,stamp,Stamp
5301,1084,stamp,Stamp
5301,1087,stamp,Stamp
5301,1090,tack,Tack
5301,1662,vessel with pigment,Ceramic Fragment
5301,2791,Fibula Fragment,Fibula
5303,954,stamp,Stamp
5303,955,ceramic fragment,Ceramic Fragment
5303,957,loom weight,Loom Weight
5303,976,stamp,Stamp
5303,977,stamp,Stamp
5303,981,stamp,Stamp
5305,960,stamp,Stamp
5305,961,stamp,Stamp
5305,963,loom weight,Loom Weight
5305,2795,Stylus,Stylus
5306,962,marble inscription fragment,Inscription
5310,967,stamp, with very similar ligature
5313,979,worked bone hinge?,Bone Object
5314,973,bronze coin,Coin
5314,974,die,Game Piece
5314,975,stamp,Stamp
5314,978,bone needle,Needle
5314,980,stamp,Stamp
5314,984,amphora stopper,Ceramic Object
5314,985,figurine fragment,Figurine
5314,986,terracotta relief,Relief
5314,987,stamp,Stamp
5314,988,coin,Coin
5314,989,worked bone,Pin
5314,990,stamp,Stamp
5314,991,stamp,Stamp
5314,992,ceramic fragment,Ceramic Fragment
5314,993,stamp,Stamp
5314,994,worked bone,Pin
5314,995,iron object,Metal Object
5314,996,key,Metal Object
5314,997,stamp,Stamp
5314,998,worked bone,Pin
5314,999,iron object,Metal Object
5314,1055,stamp,Stamp
5314,1056,stamp,Stamp
5314,1057,marble fragment,Architectural Element
5314,1059,coin,Coin
5314,1060,stamp,Stamp
5314,1061,stamp,Stamp
5314,1062,stamp,Stamp
5314,1064,relief,Architectural Revetment
5314,1065,stamp,Stamp
5314,1066,stamp,Stamp
5314,1067,figurine,Figurine
5314,1068,Iron chaon,Chain
5314,1069,stylus,Stylus
5314,1070,stylus,Stylus
5314,1071,stamp,Stamp
5314,1072,stamp,Stamp
5314,1074,stamp,Stamp
5314,1075,stamp,Stamp
5314,1076,stamp,Stamp
5314,1077,stamp,Stamp
5314,1078,game piece,Game Piece
5314,1081,glass bottle,Glass Object
5314,1086,stamp,Stamp
5314,1094,needle,Needle
5314,1401,Miniature column with graffito inscription,Graffito
5314,2800,iron tool,Metal Object
5314,2811,architectural terracotta,Architectural Element
5315,1063,game piece,Game Piece
5317,968,worked bone,Bone Fragment
5317,969,glass object,Glass Object
5323,1050,stamp,Stamp
5323,1051,stamp,Stamp
5323,1052,stamp,Stamp
5323,1053,stamp,Stamp
5323,1054,stamp,Stamp
5355,931,stamp,Stamp
5377,932,bone object,Pin
5377,933,bronze object,Metal Fragment
5377,934,bronze object,Metal Fragment
5377,935,coin,Coin
5377,937,coin,Coin
5379,1088,pin,Pin
5379,1089,figurine,Figurine
5379,1091,needle,Needle
5379,1092,stamp,Stamp
5380,1080,stamp,Stamp
5380,1082,stamp,Stamp
5380,1085,stamp,Stamp
5425,942,stamp,Stamp
5449,939,coin,Coin
5490,1093,coin,Coin
5516,1364,Graffito on commonware,Graffito
5541,1197,miniature olpe,Ceramic Object
5541,1214,Pointy end of bone needle or pin,Pin
5541,1216,bronze button,Button
5541,1217,bronze handle,Handle
5541,1220,Bronze button,Button
5541,1223,terra sigillata stamp,Ceramic Fragment
5541,1224,Terracotta molding,Architectural Element
5541,1245,Fragment of loom weight,Loom Weight
5541,1246,Black gloss game piece,Game Piece
5541,1316,Possible bone pendant or furniture attachment. ,Bone Object
5541,1317,Fragment of bone handle or bead,Bone Object
5564,1291,Terra sigillata inscription (graffito),Inscription
5564,1315,Bone needle,Needle
5567,1228,Loom weight,Loom Weight
5567,1229,Architectural fragment,Architectural Element
5567,1230,Architectural palmette fragment,Architectural Element
5569,1233,Bone needle,Needle
5572,1232,Worked bone,Bone Object
5572,1234,Worked bone,Bone Fragment
5572,1235,Stone decorative element,Architectural Element
5572,1239,Bone needle. Received by lab  ,Needle
5572,1240,Worked bone,Bone Fragment
5572,1241,Worked bone,Bone Fragment
5572,1242,Stone decorative element,Architectural Element
5572,1247,Bronze coin,Coin
5572,1269,Stamped lamp fragment,Lamp
5572,1274,TS stamp,Stamp
5572,1288,Worked bone fragment,Bone Object
5572,1292,Complete commonware lamp,Lamp
5572,1298,Bone needle,Needle
5572,1304,Bronze ring,Ring
5572,1356,worked bone,Bone Object
5572,1359,Fragment of miniture ivory vessel,Vessel Fragment
5572,1382,Loom weight,Loom Weight
5572,1391,Bone needle,Needle
5573,1423,iron ring with glass inset,Ring
5579,1400,Lamp base with stamp,Lamp
5581,1267,sculptural marble fragment,Figurine
5581,1280,black gloss plate,Partial Vessel
5581,1287,terracotta sculptural fragment?,Sculpture
5581,1385,Cortex,Lithic Tool
5581,1386,Bronze fibula,Fibula
5598,1252,metal weight in shape of small amphora,Metal Object
5598,1255,Hair pin,Pin
5598,1259,Coin,Coin
5598,1265,Bone pin or stylus,Bone Fragment
5598,1270,Fineware Unguentarium,Partial Vessel
5598,1276,Worked bone,Bone Object
5598,1277,Coin,Coin
5598,1279,Terra sigillata stamp,Stamp
5598,1281,Terra sigillata stamp,Stamp
5598,1282,Worked bone,Bone Object
5598,1284,Worked Bone Fragment,Bone Object
5598,1290,End of bone hairpin carved in shape of woman,Pin
5598,1293,Fragment of bone needle,Needle
5598,1305,Flat iron piece surrounded by lead at both ends.,Handle
5598,1307,Worked bone.,Pin
5598,1309,Worked bone,Pin
5598,1314,Amphora stamp,Stamp
5598,1320,Bone pin,Pin
5598,1321,Graffito inscription on Terra sigillata,Graffito
5598,1323,Bronze ring,Ring
5598,1324,worked bone hairpin,Pin
5598,1330,Worked bone needle,Needle
5598,1333,Hairpin,Pin
5598,1334,worked bone piece of hairpin,Pin
5598,1336,worked bone piece of hairpin,Pin
5598,1347,"Bone hairpin
",Pin
5598,1396,Worked bone fragment,Pin
5598,1410,"White plaster with fishbone"" incised decoration. """,Architectural Molding
5598,1417,molded lamp with male figure,Lamp
5598,1418,"painted, molded terracotta revetment",Architectural Element
5598,1887,Glass base (octopod),Glass Fragment
5602,1251,bronze coin,Coin
5606,1272,Worked Bone,Bone Object
5614,1318,Bone hairpin,Pin
5621,1322,Iron Key,Key
5621,1327,Iron fish hook (possibly),Fish Hook
5621,1328,three iron nails,Nail
5621,1329,lamp,Vessel Fragment
5621,1331,Terra sigillata graffito,Graffito
5621,1332,architectural terracotta fragment,Architectural Element
5621,1337,fragment of terra sigillata stamp,Stamp
5621,1365,worked bone object,Unknown
5621,1405,iron key,Key
5622,1297,Bronze Coin,Coin
5622,1299,Silver Coin,Coin
5622,1300,Silver Coin,Coin
5622,1302,Silver coin,Coin
5622,1308,Gold tutulus,Metal Object
5622,1310,Bronze coin,Coin
5622,1311,Bronze coin,Coin
5622,1312,Bronze tack,Pin
5622,1319,Silver coin,Coin
5622,1341,Spool fragment,Spool
5625,1313,Worked bone fragment,Bone Fragment
5630,1325,Bronze ring,Ring
5630,1326,Bronze ring,Ring
5685,1348,Molded plaster,Architectural Molding
5685,1349,Bead,Bead
5685,1353,Amphora stopper,Ceramic Fragment
5685,1354,terracotta fragment,Sculpture
5685,1355,bone pin,Pin
5685,1357,Terra sigillata stamp,Stamp
5685,1367,Iron tool (tongs?),Metal Object
5685,1369,Broken bone needle,Needle
5685,1370,Bone pin,Pin
5685,1371,Bone spoon,Spoon
5685,1373,Bronze disc,Metal Object
5685,1374,Bone pin,Pin
5685,1375,Bone needle,Needle
5685,1389,Bronze coin,Coin
5685,1393,Bone pin,Pin
5685,1397,Pin fragment,Pin
5685,1398,Glass Vial (Poison?),Glass Object
5685,1407,Ceramic with glass bead,Ceramic Fragment
5685,1408,Amphora handle with stamp,Stamp
5685,1412,shell bead,Bead
5691,1366,worked bone object,Pin
5694,1399,Commonware game piece,Game Piece
5708,1902,Brick stamp,Stamp
5732,1380,Bronze ring,Ring
5736,1608,loom weight fragment,Loom Weight
5738,1403,cream-ware handle with stamp,Handle
5791,1438,Stamped brick," along with a crescent (maybe a boat?). Weight 1.370 kg. Large fragment of buff colored tile with red inclusions. Photo model completed by Thomas Kocjan during the AAR Digital Documentation session in 2017."""
5791,1446,Worked Bone,Bone Object
5791,1480,Worked bone fragment,Bone Fragment
5792,1456,Marble fragment,Architectural Element
5793,1428,bronze coin,Coin
5793,1439,Ceramic game piece,Game Piece
5793,1440,Worked bone,Bone Object
5793,1441,Bronze disk,Metal Object
5793,1445,bronze coin,Coin
5795,1477,ceramic tool,Ceramic Object
5797,1470,Bronze coin,Coin
5807,1627,Bronze coin (?),Coin
5809,1481,Worked Bone object ,Pin
5809,1508,bronze coin (Imperial),Coin
5809,1519,worked bone,Pin
5809,1571,bone hairpin fragment,Bone Fragment
5816,1494,Die,Die
5816,1496,Bronze fragment,Metal Fragment
5817,1485,Bronze coin,Coin
5817,1486,Bronze coin,Coin
5817,1487,Worked bone tool,Pin
5817,1488,Bronze Cosmetic Instrument ,Metal Object
5817,1489,Bronze Coin,Coin
5817,1490,Bronze fragment,Metal Fragment
5817,1491,Worked bone,Pin
5817,1498,Bronze coin,Coin
5817,1499,Bronze coin,Coin
5817,1500,Bronze coin,Coin
5817,1502,Bone hairpin fragment,Pin
5817,1503,bronze coin,Coin
5817,1505,Bronze coin,Coin
5817,1506,Bronze coin,Coin
5817,1507,Worked bone,Stylus
5817,1509,Bronze coin,Coin
5817,1568,Iron key,Key
5817,1569,Iron key,Key
5817,1595,bone tool,Bone Object
5834,1547,bone needle,Needle
5846,1558,Decorated lead object,Metal Object
5848,1576,Terra Sigillata stamp,Stamp
5848,1577,Bronze disk,Metal Object
5848,1578,Worked bone fragment,Bone Object
5848,1579,Worked bone fragment,Pin
5851,1581,Worked bone,Bone Object
5851,1582,Bone needle,Needle
5851,1584,Bronze tack/small nail ,Button
5851,1586,Bronze coin,Coin
5851,1588,Worked bone fragment,Pin
5851,1590,Lead token,Token
5851,1591,Ceramic base with graffito, topo point taken.
5851,1593,Stone weight,Unknown
5851,1596,Bronze coin,Coin
5851,1597,Loom weight fragment,Loom Weight
5851,1600,Bronze Coin,Coin
5851,1624,gaming tokens (?),Game Piece
5851,1630,worked bone,Comb
5853,1640,hairpin fragment,Bone Fragment
5857,1605,hairpin fragment,Pin
5867,1628,Bronze coin,Coin
5867,1629,Bronze coin,Coin
5867,1639,worked bone tool,Bone Object
5868,1621,Worked bone fragment,Bone Object
5873,1638,Loom weight,Loom Weight
5894,1641,Game token,Game Piece
5894,1642,Game token,Game Piece
5894,1645,obsidian chunk,Unknown
6000,1678,worked glass paste,Glass Object
6001,1767,glass paste inlay,Glass Object
6001,1984,Brick stamp,Stamp
6002,1718,bead ?,Bead
6002,1988,Brick stamp,Stamp
6003,1710,Bronze coin,Coin
6003,1758,brick stamp,Ceramic Object
6003,1759,brick stamp,Stamp
6004,2813,Tufo column fragments,Architectural Element
6005,1732,Bronze fibula,Fibula
6005,1738,Glass inlay,Glass Fragment
6005,1928,Brick Stamp,Ceramic Fragment
6005,1938,Bronze Coin,Coin
6005,1943,Brick stamp ,Stamp
6005,1944,Brick stamp ,Stamp
6006,2220,stamped CBM,Stamp
6007,1942,Brick stamp ,Stamp
6007,1947,Blue glass sphere,Glass Object
6008,2099,Coin,Coin
6008,2117,marble fragment,Architectural Element
6008,2124,stamped tile," indicating that the stamp was produced in the year of the consuls Apronianus and Paetinus in 123 CE. The lower line reads """"*EV"" likely indicating the name of the workshop"""
6008,2186,blue glass pendant in the shape of a jug,Glass Object
6008,2344,stamped CBM,Stamp
6009,1763,Stamped brick,Stamp
6009,1940,Brick stamp,Stamp
6009,1941,Brick stamp,Stamp
6010,2105,stamped tile,Stamp
6012,1889,Brick stamp,Stamp
6012,1890,Brick stamp,Stamp
6015,1987,Brick stamp,Stamp
6016,1814,Intact bone die,Die
6016,1830,wheel thrown stopper,Ceramic Object
6016,1835,Top half of a lamp including part of handle,Lamp
6016,1849,Bronze coin,Coin
6016,1861,Lead hook (?),Hook
6016,1862,"glass base and rim, possibly associated ",Glass Object
6016,1878,Lead tessera ,Token
6016,1911,Brick stamp ,Stamp
6016,1969,marble vessel fragment,Vessel Fragment
6016,1973,Stone weight,Unknown
6016,1975,Tile stamp,Stamp
6020,2110,Fragment of small altar,Altar
6028,1977,fragment of marble wellhead,Architectural Element
6029,1922,Iron  tool,Metal Object
6031,1986,Dolium repair,Ceramic Object
6044,2136,bronze coin,Coin
6044,2141,AE coin - Late Antique (mid 4th cent.),Coin
6044,2150,coin,Coin
6044,2180,AE Coin - Late Antique (mid 4th cent.),Coin
6044,2188,coin,Coin
6044,2191,AE Coin - Imperial,Coin
6044,2195,coin,Coin
6044,2274,AE coin,Coin
6044,2275,AE coin,Coin
6044,2276,AE coin,Coin
6044,2277,glass bead,Bead
6044,2403,AE coin,Coin
6050,2287,AE sheet,Metal Fragment
6050,2289,AE coin,Coin
6057,2583,Iron knife,Metal Object
6057,2586,Bronze cosmetic implement,Earspoon
6057,2587,Carved marble fragment,Relief
6058,2614,small coin,Coin
6058,2617,Bronze Coin,Coin
6058,2624,Marble Architectural Fragment,Architectural Element
6058,2625,Marble sarcophagus fragments,Sarcophagus
6058,2625,Marble sarcophagus fragments,Sarcophagus
6058,2625,Marble sarcophagus fragments,Sarcophagus
6058,2625,Marble sarcophagus fragments,Sarcophagus
6058,2625,Marble sarcophagus fragments,Sarcophagus
6058,2625,Marble sarcophagus fragments,Sarcophagus
6058,2625,Marble sarcophagus fragments,Sarcophagus
6058,2625,Marble sarcophagus fragments,Sarcophagus
6058,2625,Marble sarcophagus fragments,Sarcophagus
6058,2625,Marble sarcophagus fragments,Sarcophagus
6063,2653,"glass base with octopod"" feet""",Glass Object
6065,2675,Bronze ring,Ring
6073,2754,Fragment of marble sarcophagus lid,Sarcophagus
6076,2768,terra sigilata base with stamp,Ceramic Fragment
6078,2787,Bronze coin,Coin
6078,2788,bronze coin,Coin
7000,1705,Coin,Coin
7000,1737,Decorated Bead,Bead
7000,1740,Worked bone,Bone Object
7000,1747,worked bone with rectangular shape,Bone Object
7000,1811,Paw impression,Stamp
7000,1813,Brick stamp,Stamp
7001,1707,marble architectural fragment,Architectural Element
7001,1721,iron fragment,Key
7001,1723,bronze fragment,Fibula
7001,1729,fragment of marble wellhead,Architectural Element
7001,1734,Marble vessel fragment,Mortar
7001,1734,Marble vessel fragment,Mortar
7001,1734,Marble vessel fragment,Mortar
7001,1734,Marble vessel fragment,Mortar
7001,1734,Marble vessel fragment,Mortar
7001,1734,Marble vessel fragment,Mortar
7001,1869,Brick Stamp,Stamp
7002,1766,Pin-shaped metal object,Pin
7002,1850,worked bone pin,Pin
7003,1976,Marble column capital,Architectural Element
7003,2057,marble architectural fragment," Area H"""
7005,1782,marble column fragment,Architectural Element
7013,1775,iron key,Key
7014,1964,Fragment of marble basin,Architectural Element
7016,2302,Bronze hook,Hook
7017,1787,AE coin,Coin
7017,1793,Marble column,Architectural Element
7017,1974,bronze coin ,Coin
7017,1979,ceramic loom weight,Loom Weight
7017,1980,Bronze object,Metal Object
7023,2048,fragment of marble wellhead,Architectural Element
7023,2053,marble architectural fragment," Area H"""
7024,2052,marble architectural fragment," Area H"""
7026,1978,Fragment of round marble structure,Architectural Element
7026,2051,marble column base fragment,Architectural Element
7029,1914,Small worked bone object,Button
7030,1801,Iron chain ~5 in long,Chain
7030,1806,Worked bone,Pin
7030,1812,terra sigillata Stamp,Stamp
7030,1816,Worked Bone,Pin
7030,1817,bone pin,Pin
7030,1818,Tufo socket,Architectural Element
7030,1821,bronze coin,Coin
7030,1841,folded lead strip,Metal Object
7030,1842,terracotta lamp,Lamp
7030,1843,bronze nail head,Metal Object
7030,1846,metal coin,Coin
7030,1853,Worked bone object,Pin
7030,1854,worked bone object,Bone Object
7030,1858,glass paste (?) gaming token,Game Piece
7030,1860,lead mold (?),Unknown
7030,1864,Bronze object,Metal Object
7030,1865,worked bone object,Pin
7030,1871,circlet of iron,Metal Object
7030,1872,bone pin,Pin
7030,1873,lead object,Metal Object
7030,1874,bone pin,Pin
7030,1879,glass paste gaming token,Glass Object
7030,1882,flat bronze object with two holes through it,Metal Object
7030,1883,"Thin bronze plate, partially bifurcated, with small holes.",Metal Object
7030,1885,bone die,Die
7030,1888,Worked bone object,Pin
7030,1921,gaming piece,Game Piece
7030,1937,Tile stamp,Stamp
7030,1959,Large piece of clear glass with flower decoration in glass.,Glass Object
7032,1808,Bronze fragment,Ring
7033,2055,marble architectural fragment,Architectural Molding
7033,2055,marble architectural fragment,Architectural Molding
7033,2055,marble architectural fragment,Architectural Molding
7033,2055,marble architectural fragment,Architectural Molding
7033,2055,marble architectural fragment,Architectural Molding
7034,1823,"Bronze disc/ token with central, circular perforation.",Metal Object
7034,1824,lamp,Lamp
7035,1826,"Small lamp, about half upper surface, one quarter lower surface, and half handle.",Lamp
7058,1963,copper alloy object,Unknown
7063,1796,bronze needle,Needle
7063,1884,Bone pin,Pin
7063,1892,"worked bone, conical gaming piece""""",Game Piece
7063,1901,Bronze fish hook,Fish Hook
7063,1915,Bronze fibula fragments,Fibula
7068,1982,spool-like object in bronze,Metal Object
7068,1985,bronze spatula,Spatula
7070,1954,Bronze coin,Coin
7076,2292,bronze ring ,Ring
7076,2388,iron saw blade ,Blade
7076,2402,coin,Coin
7076,2407,bronze coin with visible pattern,Coin
7076,2447,miniature ceramic votive,Votive
7076,2462,Bronze Coin,Coin
7076,2465,Iron hook,Hook
7076,2474,bronze coin,Coin
7076,2569,orange-brown pigment,Unknown
7077,2087,Fragment of bone hairpin,Pin
7077,2095,Stamped tile,Stamp
7077,2107,Bronze coin,Coin
7077,2119,Bone sewing needle,Needle
7077,2120,Bone hairpin ,Pin
7077,2121,Iron implement fragment (stylus or possibly a key),Key
7077,2137,lamp,Lamp
7077,2139,metal object,Fibula
7077,2144,lamp fragment with a face and fangs,Lamp
7077,2152,stamped tile,Stamp
7077,2176,Bone pin,Pin
7077,2181,decorated lamp,Lamp
7077,2187,marble fountain,Architectural Element
7077,2196,Worked bone pin,Pin
7077,2199,Bone Pin Fragment,Bone Object
7077,2201,"Complete key

Complete key",Key
7077,2205,Iron ring,Ring
7077,2213,CBM with fingerswipes,Stamp
7077,2216,Iron blade,Blade
7077,2217,stamped CBM,Stamp
7077,2221,CBM with fingerswipes,Stamp
7077,2222,CBM with pawprints,Stamp
7077,2223,stamped CBM,Stamp
7077,2224,stamped CBM,Stamp
7077,2241,Bronze Coin,Coin
7077,2295,Heavy bronze coin,Coin
7077,2315,stamped CBM,Stamp
7077,2320,stamped CBM,Stamp
7077,2425,leaded bronze palmette,Metal Object
7077,2449,worked bone object,Bone Object
7077,2451,Game Token,Game Piece
7077,2452,game token,Game Piece
7104,2472,Bronze pin,Metal Object
7105,2511,game piece,Game Piece
7105,2512,game piece,Game Piece
7107,2173,Bronze coin,Coin
7109,2368,Plated copper alloy object,Metal Object
7124,2214,Worked bone,Bone Fragment
7126,2342,Worked bone molding,Bone Object
7126,2377,tufo architectural element,Architectural Element
7126,2419,NULL,Stamped Tile
7126,2436,bone die,Die
7126,2437,worked bone pin,Bone Object
7126,2438,iron stylus (?) fragment,Metal Object
7126,2439,bone hairpin,Pin
7126,2442,Bronze object,Key
7127,2273,Hollow cylindrical marble element,Architectural Element
7127,2312,AE coin - Imperial,Coin
7127,2490,iron blade,Blade
7129,2414,Stamped tile,Stamped Tile
7135,2431,Bronze coin,Coin
7135,2432,coin - Republican As (mid 2nd cent. BCE),Coin
7135,2434,bronze coin,Coin
7135,2488,bronze nail!,Nail
7135,2504,Glass paste gaming pieces,Game Piece
7150,2510,game piece,Game Piece
7152,2532,terra sigillata base with inplanta pedis stamp and graffito,Graffito
7152,2547,Bone pin fragment,Bone Object
7156,2471,Bone hairpin,Pin
7157,2531,worked bone,Bone Object
7157,2566,Pink-orange pigment chunk,Unknown
7165,2470,Bronze Coin,Coin
7165,2470,Bronze Coin,Coin
7166,2494,Bone Pin,Bone Object
7166,2591,bronze pin,Pin
7166,2592,bronze coil,Fibula
7168,2476,bronze disc with square hole,Token
7170,2530,Decorated T.S.,Ceramic Fragment
7180,2495,bronze ring,Ring
7180,2496,bronze ring,Ring
7180,2498,small bronze ring found in area H room 5,Ring
7180,2499,small bronze ring found in area H room 5,Ring
7180,2501,Bone Needle,Needle
7180,2518,bronze fragment,Metal Fragment
7180,2519,glass paste game piece,Game Piece
7180,2539,pottery repaired with lead ,Partial Vessel
7180,2576,Vessel fragment with applique relief,Ceramic Fragment
7180,2578,loom weight,Loom Weight
7180,2580,"loom weight, rectangular, good condition with few breaks",Loom Weight
7180,2599,bone hairpin,Pin
7180,2606,loom weight ,Loom Weight
7180,2615,Graffito on Terra Sigillata,Graffito
7180,2616,stamp on loom weight,Loom Weight
7184,2509,worked bone pendant ,Bone Object
7184,2509,worked bone pendant ,Bone Object
7189,2520,glass paste game piece,Game Piece
7189,2520,glass paste game piece,Game Piece
7189,2534,small copper alloy coin,Coin
7189,2540,stamped terra sigilata sherd,
7189,2570,Stone vessel fragments,Vessel Fragment
7192,2557,worked travertine mortarium,Mortar
7193,2558,terra sigillata base sherd with stamp and graffito,Graffito
7199,2620,terra sigillata cut object,Ceramic Object
7199,2620,terra sigillata cut object,Ceramic Object
7199,2620,terra sigillata cut object,Ceramic Object
7203,2579,worked bone fragment (hairpin?),Bone Object
7203,2582,loom weight fragment,Loom Weight
7206,2590,Iron key,Key
7208,2600,bronze fish hook,Fish Hook
7208,2601,metal chain piece,Chain
7208,2603,Bronze coin,Coin
7208,2604,bronze object,Button
7208,2607,coin fragment,Coin
7208,2608,Coin fragment,Coin
7208,2608,Coin fragment,Coin
7208,2609,Small Coin,Coin
7211,2613,bronze coin,Coin
7211,2618,Bronze coin,Coin
7211,2618,Bronze coin,Coin
7211,2619,bronze coin,Coin
7211,2622,Fragment of architectectural terracotta plaque,Architectural Element
7211,2626,iron object,Metal Object
7211,2627,lamp,Lamp
7211,2628,small bronze coin,Coin
7211,2628,small bronze coin,Coin
7211,2629,Bronze coin,Coin
7211,2634,Bronze coin,Coin
7211,2636,bronze coin,Coin
7211,2781,bronze coin,Coin
7215,2655,bronze coin,Coin
7215,2656,small bronze coin,Coin
7215,2658,Bronze coin,Coin
7218,2676,coin,Coin
7218,2677,coin,Coin
7218,2678,Iron object with loop on one end,Metal Object
7218,2679,bone hairpin,Pin
7218,2711,Game Piece ,Game Piece
7218,2761,Ring fragment,Ring
7218,2763,bone hairpin,Pin
7218,2764,coin,Coin
7218,2765,coin,Coin
7220,2682,Bronze coin,Coin
7220,2685,Metal hairpin,Pin
7221,2753,Stone threshold,Architectural Element
7230,2704,Bronze coin ,Coin
7230,2710,mortar (?),Mortar
7239,2733,Bronze pin,Pin
7239,2733,Bronze pin,Pin
7239,2733,Bronze pin,Pin
7239,2733,Bronze pin,Pin
7239,2733,Bronze pin,Pin
7239,2733,Bronze pin,Pin
7245,2752,bone hairpin,Pin
7245,2756,half lamp with handle and partial makers mark,Lamp
7245,2759,Lead pipe,Metal Object
7245,2812,Worked Bone,Bone Fragment
7250,2771,Base of a lamp with a stamp. Visible circular shapes,Lamp
7250,2778,ceramic amphora stopper,Amphora Stopper
7250,2782,Bone needle,Needle
7251,2786,Game piece,Game Piece
7251,2810,Large discus fragment with figural decoration,Lamp
7252,2789,Bronze hairpin,Pin
7252,2790,Bone stylus,Stylus
7253,2794,Stylus fragment.,Stylus
8000,1426,Worked bone,Pin
8000,1664,Bronze object,Metal Object
8000,1671,Bronze coin,Coin
8000,1676,Gaming piece,Game Piece
8000,1677,plaster,Architectural Element
8000,1679,Bone die,Game Piece
8000,1682,worked bone hairpin,Pin
8000,1684,Loom weight,Loom Weight
8000,1686,Worked bone,Pin
8000,1688,Iron chain,Chain
8000,1692,Bronze coin,Coin
8000,1693,Marble relief,Relief
8000,1696,worked bone fragments,Bone Object
8000,1701,iron object,Metal Object
8000,1702,worked bone (hairpin),Pin
8000,1703,Iron tool,Metal Object
8000,1704,terracotta lamp,Lamp
8000,1706,terracotta lamp,Lamp
8000,1708,Bronze ring,Ring
8000,1712,Terracotta lamp,Lamp
8000,1714,worked bone object,Bone Object
8000,1715,worked bone (hairpin),Pin
8000,1719,worked bone handle,Bone Object
8000,1722,Worked bone fragment,Bone Object
8000,1728,Stopper,Ceramic Object
8000,1731,"Amphora toe with incised gamma"" mark."""," given its characteristic fabric and bulging toe. Situated just above the toe is an upside-down gamma-shaped incision (appears like a backwards L with toe pointed downwards). Peacock & Williams (1986) pp. 155-157 place the production dates of these amphora between the late second century and late fourth century AD (which fits with other material from SU)."""
8000,1739,Amphora with graffito,Graffito
8000,1746,Marble inscription fragment,Inscription
8000,1753,gaming tokens,Game Piece
8000,1757,spout with figural decoration,Ceramic Object
8000,1761,marble stopper,Vessel Fragment
8000,1762,cut stone vessel fragment,Vessel Fragment
8000,1764,"Neck of Africana 2C grande"" amphora with stamp""",Stamp
8000,1946,bronze coin,Coin
8001,1675,painted plaster,NULL
8001,1695,Worked bone?,Unknown
8001,1699,Marble relief,Relief
8001,1716,silver coin,Coin
8001,1717,Bronze Object / Tool,Pin
8001,1781,ceramic fragment with pigment,Ceramic Fragment
8002,1687,iron knife,Blade
8002,1689,glass paste game piece,Game Piece
8007,1725,Lead token,Token
8014,1745,Worked bone,Bone Object
8033,1777,bronze boss,Metal Object
8033,1798,Lead object.,Metal Object
8033,1799,Bronze coin,Coin
8033,1810,Piece of worked bone,Bone Object
8033,1867,Brick stamp,Stamp
8033,1868,Brick stamp,Stamp
8033,1913,Brick stamp,Stamp
8050,1863,Worked bone hairpin,Pin
8050,2056,Terracotta Lamp,Lamp
8050,2060,Stamped tile,Ceramic Object
8050,2061,Stamped terracotta fragment,Ceramic Fragment
8050,2062,Stamped tile,Ceramic Fragment
8053,1898,Stamped tile,Stamp
8053,1900,Stamped tile,Stamp
8053,1909,Stamped tile,Stamp
8053,1910,large lead slag,Slag
8053,1917,Stamped tile,Stamp
8053,1919,Mosaic fragment,Architectural Element
8053,1924,Stamped tile,Stamp
8053,1929,Marble architectural element,Architectural Element
8053,1933,bronze coin,Coin
8053,1934,terracotta tile with half a stamp,Stamp
8053,1939,Worked bone object,Bone Object
8053,1956,Bronze Coin,Coin
8053,1971,TS stamp ,Stamp
8053,1972,Amphora inscription ,Inscription
8053,1989,Brick stamp,Stamp
8053,2489,Bronze coin,Coin
8054,1899,Bronze object,Metal Object
8054,2448,Lamp fragment with stamp,Lamp
8056,1743,pebble gaming token,Game Piece
8056,1920,Iron axehead,Metal Object
8063,1744,3 glass paste rings,Bead
8063,1968,Lead object.,Metal Object
8063,2446,lamp with stamp,Lamp
8064,1950,Marble fragment,Architectural Element
8064,1952,Worked bone plaque,Bone Object
8064,1953,Small bronze pin found next to Special Find 1952. ,Pin
8098,2267,Small glass paste ring,Bead
8112,2101,Stamped brick,Architectural Element
8112,2102,stamped tile,Ceramic Fragment
8112,2103,stamped tile,Ceramic Fragment
8112,2106,stamped tile,Stamp
8112,2108,stamped tile,Ceramic Fragment
8112,2109,stamped tile,Ceramic Fragment
8117,2111,stamped tile with lettering,Stamp
8117,2114,"stamped tile, circle dot",Stamp
8117,2126,Worked ceramic fragment,Game Piece
8117,2134,"linear rectangular prism, worked bone -- antler",Bone Object
8118,2219,loom weight,Loom Weight
8118,2233,loom weight,Loom Weight
8118,2234,Loomweight,Loom Weight
8118,2236,Stamped ceramic tile,Ceramic Fragment
8118,2239,stamped tile,Ceramic Fragment
8118,2243,Stamped ceramic tile,Ceramic Fragment
8118,2244,Stamped tile,Ceramic Fragment
8118,2246,stamped tile,Ceramic Fragment
8118,2247,Stamped tile,Ceramic Fragment
8118,2248,Stamped tile,Ceramic Fragment
8118,2251,stamped tile,Ceramic Fragment
8118,2252,stamped tile,Ceramic Fragment
8118,2254,Stamped tile,Ceramic Fragment
8118,2256,stamped tile,Ceramic Object
8118,2260,stamped tile,Ceramic Fragment
8118,2263,Stamped tile,Ceramic Fragment
8118,2265,Stamped tile,Ceramic Fragment
8118,2271,Stamped tile,Ceramic Fragment
8118,2272,Stamped tile,Ceramic Fragment
8118,2278,stamped tile,Ceramic Object
8118,2279,Stamped tile,Ceramic Fragment
8118,2280,stamped tile,Ceramic Object
8118,2281,Stamped tile,Ceramic Fragment
8118,2282,Stamped tile,Ceramic Fragment
8118,2284,Stamped tile,Ceramic Fragment
8118,2285,Stamped tile,Ceramic Fragment
8118,2288,Stamped tile,Ceramic Fragment
8118,2290,Stamped tile,Ceramic Fragment
8118,2291,Stamped tile,Ceramic Fragment
8118,2293,Stamped tile,Ceramic Object
8118,2297,Stamped tile,Ceramic Object
8118,2298,Stamped tile,Ceramic Fragment
8118,2299,Stamped tile,Ceramic Fragment
8118,2300,Stamped tile,Ceramic Fragment
8118,2303,Stamped tile,Ceramic Fragment
8118,2305,Stamped tileh,Ceramic Fragment
8118,2306,loomweight,Loom Weight
8118,2307,stamped tile,Ceramic Object
8118,2308,stamped tile ,Ceramic Object
8118,2309,stamped tile,Ceramic Fragment
8118,2313,Stamped tile,Ceramic Fragment
8118,2322,stamped tile,Ceramic Fragment
8118,2323,Stamped tile,Ceramic Fragment
8118,2325,stamped ceramic tile,Ceramic Fragment
8118,2326,stamped ceramic tile ,Ceramic Fragment
8118,2327,Stamped tile,Ceramic Fragment
8118,2330,Stamped tile,Ceramic Fragment
8118,2331,Stamped tile,Ceramic Fragment
8118,2333,stamped tile ,Ceramic Fragment
8118,2335,stamped tile ,Ceramic Fragment
8118,2338,stamped Tile ,Ceramic Fragment
8118,2339,Stamped ceramic tile,Ceramic Fragment
8118,2341,Stamped tile,Ceramic Fragment
8118,2343,Stamped tile,Ceramic Fragment
8118,2345,Stamped tile,Ceramic Fragment
8118,2346,stamped ceramic tile,Ceramic Fragment
8118,2347,Stamped ceramic tile ,Ceramic Fragment
8118,2350,Stamped tile,Ceramic Fragment
8118,2351,Stamped tile,Ceramic Fragment
8118,2352,Loomweight,Loom Weight
8118,2357,stamped CBM,Ceramic Fragment
8118,2359,Loomweight,Loom Weight
8118,2362,stamped CBM,Ceramic Object
8118,2363,stamped CBM,Ceramic Object
8118,2365,stamped CBM,Ceramic Fragment
8118,2366,stamped CBM,Ceramic Fragment
8118,2369,stamped CBM,Stamp
8118,2378,Stamped CBM,Ceramic Fragment
8118,2379,Stamped CBM,Ceramic Fragment
8118,2387,loom weight,Ceramic Object
8118,2408,Stamped CBM,Ceramic Fragment
8118,2409,Stamped cbm,Ceramic Object
8132,2135,Stamped tile,Ceramic Fragment
8132,2142,Stamped Tile,Ceramic Fragment
8132,2148,Stamped Ceramic Tile,Ceramic Fragment
8132,2149,Stamped tile,Ceramic Fragment
8132,2151,Stamped tile,Ceramic Fragment
8132,2153,Stamped tile.,Ceramic Fragment
8132,2154,Stamped ceramic tile,Ceramic Fragment
8132,2155,Stamped ceramic tile,Ceramic Fragment
8132,2156,Stamped tile,Ceramic Fragment
8132,2157,stamped tile,Ceramic Fragment
8132,2158,"Stamped tile
Stamped tile",Ceramic Fragment
8132,2161,Stamped ceramic tile,Ceramic Fragment
8132,2162,stamped tile,Ceramic Fragment
8132,2164,Stamped tile ,Ceramic Fragment
8132,2165,Stamped ceramic tile,Ceramic Fragment
8132,2166,Stamped tile,Ceramic Fragment
8132,2167,Stamped tile,Ceramic Fragment
8132,2168,Stamped tile,Ceramic Fragment
8132,2169,Stamped tile,Ceramic Fragment
8132,2171,stamped tile,Ceramic Fragment
8132,2172,Marble Column,Architectural Element
8132,2174,Stamped tile,Ceramic Fragment
8132,2178,stamped tile,Ceramic Fragment
8132,2179,Stamped tile,Ceramic Fragment
8132,2182,Stamped CBM,Ceramic Fragment
8132,2183,AE hemispherical object,Metal Object
8132,2184,Stamped tile.,Ceramic Fragment
8132,2189,"Lead object
Leadv
Lead object",Metal Object
8132,2197,Stamped tile,Ceramic Object
8132,2198,Stamped tile,Ceramic Fragment
8132,2225,stamped CBM,Stamp
8132,2226,stamped CBM,Stamp
8132,2227,stamped CBM,Stamp
8132,2228,stamped CBM,Stamp
8132,2229,stamped CBM,Stamp
8132,2230,stamped CBM,Stamp
8132,2231,CBM with fingerprints,Stamp
8132,2232,CBM with fingerswipes,Stamp
8132,2240,Stamped tile,Ceramic Fragment
8134,2159, stamped tile,Ceramic Fragment
8134,2160,stamped,Ceramic Fragment
8134,2441,Stamped CBM,Stamped Tile
8139,2175,stamped tile,Spatula
8139,2192,marble column fragment,Architectural Element
8141,2193,Stamped tile,Ceramic Fragment
8141,2202,Stamped ceramic tile,Ceramic Fragment
8141,2203,Stamped tile,Ceramic Fragment
8141,2204,Stamped tile,Ceramic Fragment
8141,2314,stamped CBM,Stamp
8141,2316,stamped CBM,Stamp
8141,2318,stamped CBM,Stamp
8141,2319,stamped CBM,Stamp
8143,2194,small porous loom weight,Loom Weight
8143,2332,bronze piece with decoration,Metal Object
8143,2340,bronze coin,Coin
8143,2349,miniature marble column,Architectural Element
8145,2207,stamped tile,Ceramic Fragment
8145,2209,stamped tile,Ceramic Fragment
8146,2218,Circular bronze object - ring shaped,Ring
8146,2235,"Length of worked bronze, perhaps warped bracelet or necklace",Metal Object
8146,2242,Stamped Tile,Stamp
8146,2249,Stamped amphora sherd,Ceramic Fragment
8146,2255,Stamped tile,Ceramic Fragment
8146,2258,worked bone,Bone Object
8146,2264,Stamped tile,Ceramic Fragment
8146,2269,Stamped tile,Ceramic Fragment
8146,2283,Iron hook,Metal Object
8146,2286,Iron Fibula,Fibula
8146,2304,Stamped tile,Ceramic Fragment
8146,2311,iron chisel,Metal Object
8146,2321,Stamped tile,Ceramic Fragment
8146,2353,Small Iron Blade,Metal Object
8146,2360,Worked bone hairpin,Pin
8146,2389,Marble architectural element,Architectural Element
8146,2392,Stamped tile - large circular stamp,Architectural Element
8146,2428,Bronze needle or fibula,Metal Object
8147,2215,Stamped tile,Ceramic Fragment
8148,2250,Stamped tile,Ceramic Fragment
8148,2253,stamped tile,Ceramic Fragment
8148,2257,stamped Tile ,Ceramic Fragment
8148,2261,Stamped Tile,Ceramic Fragment
8148,2262,stamped tile,Ceramic Fragment
8148,2266,Stamped tile,Ceramic Fragment
8148,2268,stamped Tile ,Ceramic Fragment
8148,2270,stamped tile,Ceramic Fragment
8148,2367,CBM with fingerswipes,Stamp
8148,2370,stamped CBM,Stamp
8148,2371,stamped CBM,Stamp
8148,2372,stamped CBM,Stamp
8148,2373,stamped CBM,Stamp
8148,2374,stamped CBM,Stamp
8148,2375,stamped CBM,Stamp
8148,2376,stamped CBM,Stamp
8148,2380,stamped CBM,Stamp
8148,2381,stamped CBM,Stamp
8148,2382,stamped CBM,Stamp
8148,2383,stamped CBM,Stamp
8148,2384,stamped CBM,Stamp
8148,2385,stamped CBM,Stamp
8148,2433,CBM with pawprint,Stamp
8149,2259,Round worked ceramic - opossibly a game piece,Game Piece
8149,2296,Worked bone,Needle
8155,2336,stamped tile,Ceramic Fragment
8166,2390,stamped cbm,Ceramic Fragment
8166,2391,stamped cbm,Ceramic Fragment
8166,2394,Stamped CBM,Ceramic Fragment
8166,2395,stamped CBM,Ceramic Fragment
8166,2396,stamped Tile ,Ceramic Fragment
8166,2397,stamped cbm,Ceramic Fragment
8166,2399,Stamped CBM,Ceramic Fragment
8166,2401,Stamped tile,Ceramic Fragment
8166,2404,Stamped tile,Ceramic Fragment
8166,2404,Stamped tile,Ceramic Fragment
8166,2404,Stamped tile,Ceramic Fragment
8166,2404,Stamped tile,Ceramic Fragment
8166,2404,Stamped tile,Ceramic Fragment
8166,2404,Stamped tile,Ceramic Fragment
8166,2404,Stamped tile,Ceramic Fragment
8166,2406,Stamped tile,Ceramic Fragment
8166,2410,Stamped cbm,Ceramic Fragment
8166,2412,Stamped cbm,Ceramic Fragment
8169,2421,Stamped CBM,Ceramic Object
8169,2423,Stamped CBM,Ceramic Object
8173,2554,loom weight,Loom Weight
8174,2418,Stamped tile ,Stamped Tile
8174,2424,Stamped CBM,Stamped Tile
8182,2435,Stamped CBM,Ceramic Fragment
8182,2444,Bronze object,Metal Object
8182,2444,Bronze object,Metal Object
8182,2453,Iron blade,Blade
8182,2455,lead fragment,Metal Fragment
8182,2456,bronze object,Metal Fragment
8182,2477,Iron object,Metal Object
8187,2559,black gloss game piece,Game Piece
8191,2450,lead object,Unknown
8191,2454,Decorative marble fragment,Architectural Element
8202,2461,Game token,Game Piece
8202,2464,Bronze fibula,Fibula
8202,2467,Bone pin/needle fragments,Bone Object
8202,2468,Bronze needle,Needle
8202,2469,Iron bracelet with circular center,Bracelet
8202,2475,Bone hairpin fragment,Pin
8202,2478,Iron ring,Metal Object
8202,2479,Bone hairpin,Pin
8202,2487,Hollow bone object. Bead?,Bone Object
8202,2553,iron hairpin,Pin
8216,2484,small bronze key,Key
8220,2486,ceramic pipe.,Architectural Element
8226,2507,Bronze sheet fragment,Metal Object
8226,2513,Bronze fragment,Metal Fragment
8226,2567,plaster with graffito,Graffito
8235,2508,Game Piece,Game Piece
8276,2596,Bronze ring,Ring
8276,2605,Bronze coin,Coin
8287,2612,Bronze object,Metal Object
8287,2659,Bronze coin,Coin
8309,2631,Bronze coin,Coin
8309,2632,Bone hairpin,Pin
8309,2635,Linear bronze object,Metal Object
8309,2639,Bronze plaque ,Plaque
8309,2641,Mixed metal weight with figural element,Metal Object
8309,2643,Pestle,Pestle
8309,2647,bone hairpin,Pin
8309,2648,Bronze cosmetic implement,Spatula
8309,2651,Lamp,Lamp
8309,2652,lead object,Metal Object
8309,2654,Bronze Coin,Coin
8309,2770,"Oil lamp in four sherds. Four rows of larger globular dots on the shoulder, from a worn down mold. Cream colored fabric with no inclusions. Sooting on the wick hold. Filling hole off-center of the plain discus, closer to the handle. Missing the right half of the lamp. ",Lamp
8312,2645,Bone hair Pin,Pin
8314,2638,Glass chalice stem ?,Glass Object
8314,2665,Base of stemmed glass vessel,Glass Object
8314,2673,Iron blade,Blade
8318,2657,Loom Weight,Loom Weight
8318,2657,Loom Weight,Loom Weight
8318,2663,Loom weight,Loom Weight
8318,2667,Marble inscription ,Inscription
8318,2669,loom weight,Loom Weight
8318,2669,loom weight,Loom Weight
8318,2696,Marble column fragment,Architectural Element
8318,2699,Miniature vessel ,Ceramic Object
8318,2706,Marble column fragment,Architectural Element
8318,2707,Marble architectural element,Architectural Element
8318,2747,Bronze coin,Coin
8318,2769,Marble revetment fragment,Architectural Element
8332,2662,worked bone,Bone Object
8334,2681,Bronze coin,Coin
8334,2686,Bronze coin,Inscription
8334,2687,Bone pin.,Bone Object
8334,2688,Small bronze coin.,Coin
8334,2689,"Iron key, slightly bent.",Key
8334,2690,Circular bronze object,NULL
8334,2693,Bronze coin,Coin
8334,2695,Circular bronze disk.,Metal Object
8365,2734,Loom Weight,Loom Weight
8365,2735,Iron bracket or hook?,Hook
8365,2749,Bronze hair pin,Pin
8365,2751,Lead Weight,Metal Object
8365,2758,african red slip fragment with a moulded face.,Ceramic Fragment
8375,2720,Iron blade ,Blade
8375,2784,NULL,Lithic Tool
